Freebase_actor_ID,connectivity,community
/m/0f5xn,157,1
/m/028k57,128,1
/m/01vy_v8,125,1
/m/0pz91,123,1
/m/01wbg84,123,1
/m/03n08b,118,1
/m/0mdqp,114,1
/m/0gd9k,105,1
/m/032w8h,104,1
/m/05txrz,101,1
/m/073749,97,1
/m/0169dl,97,1
/m/01swck,97,1
/m/085q5,95,1
/m/06cgy,95,1
/m/0bxtg,91,1
/m/01pcbg,90,1
/m/018grr,86,1
/m/01mvth,85,1
/m/0p8r1,84,1
/m/019vgs,84,1
/m/01vsn38,83,1
/m/034np8,81,1
/m/0fby2t,77,1
/m/0738b8,76,1
/m/0151w_,75,1
/m/028d4v,75,1
/m/03l3jy,74,1
/m/0534nr,74,1
/m/08vr94,74,1
/m/059j1m,73,1
/m/01q_ph,71,1
/m/02q7z2,69,1
/m/0pgjm,68,1
/m/08lxvw,68,1
/m/023kzp,67,1
/m/01fwpt,67,1
/m/02xn_q,66,1
/m/01fyzy,66,1
/m/0127zc,64,1
/m/03n52j,61,1
/m/06rq2l,60,1
/m/03gsjv,60,1
/m/01f7dd,59,1
/m/02qx69,59,1
/m/062hgx,58,1
/m/0klh7,58,1
/m/01nm3s,58,1
/m/07m77x,58,1
/m/021bk,56,1
/m/02jm0n,56,1
/m/01l_yg,56,1
/m/081lh,55,1
/m/01gkmx,54,1
/m/02g87m,54,1
/m/0f6_x,53,1
/m/063r24,53,1
/m/05bnp0,52,1
/m/044rvb,52,1
/m/01yhd1,52,1
/m/01j5ts,52,1
/m/0c01c,52,1
/m/0c6qh,52,1
/m/06pp0z,51,1
/m/01h8f,51,1
/m/079vf,51,1
/m/07cjqy,50,1
/m/051wwp,50,1
/m/02qgyv,50,1
/m/049k07,49,1
/m/0q9kd,49,1
/m/011zd3,49,1
/m/0gn30,49,1
/m/015p3p,48,1
/m/014zcr,48,1
/m/02xwgr,48,1
/m/07qn0,47,1
/m/01x_d8,47,1
/m/0315q3,47,1
/m/0c0k1,47,1
/m/01gw4f,47,1
/m/02bj6k,46,1
/m/049dyj,46,1
/m/05w6cw,46,1
/m/0bl2g,46,1
/m/07y8l9,46,1
/m/02p65p,46,1
/m/0716t2,46,1
/m/0h7pj,45,1
/m/04yj5z,45,1
/m/08wpfw,45,1
/m/015c4g,45,1
/m/01tnbn,45,1
/m/02dlfh,44,1
/m/014gf8,43,1
/m/0d608,43,1
/m/0mfj2,42,1
/m/030vnj,42,1
/m/03_dxb,42,1
/m/04yyhw,42,1
/m/0670jl,42,1
/m/032_jg,42,1
/m/02zrv7,41,1
/m/032wdd,41,1
/m/02qgqt,41,1
/m/015pkc,41,1
/m/01pllx,41,1
/m/03ptnk,41,1
/m/032bfz,41,1
/m/06mmb,41,1
/m/01twdk,41,1
/m/035pvg,41,1
/m/086nl7,40,1
/m/0gr36,40,1
/m/013tjc,40,1
/m/05qh0j,39,1
/m/015p37,39,1
/m/0p_pd,39,1
/m/03y34_,39,1
/m/02g8h,39,1
/m/04fhxp,39,1
/m/01cpqk,38,1
/m/03lv3s,38,1
/m/09fb5,38,1
/m/01csvq,38,1
/m/02fn5,38,1
/m/016fjj,38,1
/m/04fzk,37,1
/m/0194r1,37,1
/m/032xhg,37,1
/m/01vwllw,37,1
/m/013vdl,37,1
/m/0bj9k,37,1
/m/0807ml,37,1
/m/06lht1,36,1
/m/04t2l2,36,1
/m/03q45x,36,1
/m/0187y5,36,1
/m/046zh,35,1
/m/04yywz,35,1
/m/07fq1y,35,1
/m/03xblf,35,1
/m/02v60l,34,1
/m/044f7,34,1
/m/0896b2,34,1
/m/015gsv,34,1
/m/0k269,34,1
/m/047c9l,34,1
/m/06pjs,34,1
/m/01vvb4m,33,1
/m/09r0yc,33,1
/m/0pnf3,33,1
/m/0205dx,33,1
/m/06gb2q,33,1
/m/0466jjy,33,1
/m/08c882,33,1
/m/02lj6p,33,1
/m/01hcj2,33,1
/m/01nr36,32,1
/m/01mylz,32,1
/m/01z7s_,32,1
/m/03q054,32,1
/m/018ygt,31,1
/m/015brk,31,1
/m/06w6_,31,1
/m/02zfg3,31,1
/m/01gvxv,31,1
/m/016z2j,31,1
/m/0fx4xc,31,1
/m/03b78r,30,1
/m/05wjnt,30,1
/m/01rs5p,30,1
/m/01w1ywm,30,1
/m/0479b,29,1
/m/01vh18t,29,1
/m/04mhbh,29,1
/m/061tsc,29,1
/m/0f502,29,1
/m/017149,28,1
/m/061txy,28,1
/m/07b8pn,28,1
/m/09l3p,28,1
/m/0bxvvc,28,1
/m/061tx7,28,1
/m/07663r,28,1
/m/09594c,28,1
/m/0234pg,28,1
/m/01jz6x,28,1
/m/031k24,28,1
/m/0gcj_rz,27,1
/m/01chc7,27,1
/m/0bhbzd3,27,1
/m/03_48k,27,1
/m/0p_jc,27,1
/m/0gdlpht,27,1
/m/0gdm99s,27,1
/m/03sj0m,27,1
/m/01rr9f,27,1
/m/01h910,27,1
/m/02q2vzj,27,1
/m/0gcpk93,27,1
/m/01wgcvn,27,1
/m/01pj5q,27,1
/m/014g22,27,1
/m/031f1q,27,1
/m/0bhcjsk,27,1
/m/01sjr5,27,1
/m/0696_t,27,1
/m/01hqd4,26,1
/m/02x1l_8,26,1
/m/02lf1j,25,1
/m/01xcqc,25,1
/m/04t7ts,25,1
/m/034047,25,1
/m/03kwbr,25,1
/m/0bq2g,25,1
/m/0170s4,25,1
/m/04zkj5,25,1
/m/08kyst,25,1
/m/0sz28,25,1
/m/0k43nb,24,1
/m/01skmp,24,1
/m/0hvb2,24,1
/m/03q6gy,24,1
/m/0cmt6q,24,1
/m/01fh9,24,1
/m/03wh07q,24,1
/m/0c5chc,24,1
/m/0dcwjc,24,1
/m/015pvh,24,1
/m/031y7z,24,1
/m/04twmk,24,1
/m/01_ztw,24,1
/m/04mhxx,24,1
/m/01kb2j,24,1
/m/01mrnp,24,1
/m/08_pht,24,1
/m/03qd_,24,1
/m/0252fh,24,1
/m/013zs9,24,1
/m/02qsl28,24,1
/m/0dzf_,23,1
/m/03xb2w,23,1
/m/0ywqc,23,1
/m/02r39q7,23,1
/m/04sry,23,1
/m/03cq2jh,23,1
/m/04bdw5,22,1
/m/03xn8w6,22,1
/m/02tqkf,22,1
/m/07lj7y,22,1
/m/038rzr,22,1
/m/0c1pj,22,1
/m/0hz_1,22,1
/m/0f4vbz,22,1
/m/08k881,22,1
/m/033tln,22,1
/m/0k43n4,22,1
/m/0143wl,22,1
/m/05ch0k,22,1
/m/01p1z_,21,1
/m/01bcq,21,1
/m/021b_,21,1
/m/094twz,21,1
/m/01fx5l,21,1
/m/02sb1w,21,1
/m/04b47n,21,1
/m/06qgjh,21,1
/m/02dth1,21,1
/m/01h1b,21,1
/m/0dk8gd,21,1
/m/0l8v5,21,1
/m/03l3ln,21,1
/m/0p_r5,21,1
/m/081cbt,21,1
/m/0fb1q,21,1
/m/071m2d,21,1
/m/026jltx,21,1
/m/08sqc_,20,1
/m/01wyzyl,20,1
/m/0347db,20,1
/m/026l37,19,1
/m/01p7yb,19,1
/m/01jrp0,19,1
/m/0c9xjl,19,1
/m/02n4b9,19,1
/m/05fnl9,19,1
/m/01yb09,19,1
/m/02xv8m,19,1
/m/0prfz,19,1
/m/0fx4_g,19,1
/m/07lt7b,19,1
/m/01j5ws,19,1
/m/06z8gn,18,1
/m/01kwsg,18,1
/m/02tqys,18,1
/m/04gc65,18,1
/m/01jz79,18,1
/m/09jfqc,18,1
/m/021npv,18,1
/m/04wp3s,18,1
/m/043hg,18,1
/m/06rgyc,18,1
/m/04bdxl,17,1
/m/04qsdh,17,1
/m/097cf6,17,1
/m/01x0kg7,17,1
/m/01z7_f,17,1
/m/01w23w,17,1
/m/074tb5,17,1
/m/01nxzv,17,1
/m/0h96g,17,1
/m/05gv6v,17,1
/m/02t_vx,16,1
/m/046chh,16,1
/m/01nfys,16,1
/m/07lmxq,16,1
/m/084sz6,16,1
/m/0lkr7,16,1
/m/016yzz,16,1
/m/0gbzhsv,16,1
/m/02wycg2,16,1
/m/026r8q,16,1
/m/06rn5d,16,1
/m/03d_qmm,16,1
/m/0gdnb8,16,1
/m/04wg38,16,1
/m/03q43g,16,1
/m/018_lb,16,1
/m/023n6h,16,1
/m/016yr0,16,1
/m/016h4r,16,1
/m/0h0wc,16,1
/m/086sj,15,1
/m/034c_n,15,1
/m/02wgln,15,1
/m/01y_px,15,1
/m/05cx7x,15,1
/m/02nb2s,15,1
/m/048lv,15,1
/m/0tc7,15,1
/m/0h49l2,15,1
/m/01pk3z,15,1
/m/03d_zl4,15,1
/m/06m6p7,15,1
/m/06zbbg,15,1
/m/07f3yj,15,1
/m/0m8_v,15,1
/m/02yplc,15,1
/m/05xpv,15,1
/m/026_w2h,15,1
/m/02f5jr,15,1
/m/0b3hjt,15,1
/m/04jfgy,15,1
/m/0dvmd,15,1
/m/02r_d4,15,1
/m/07nt5x,15,1
/m/0bdz80,15,1
/m/016ks_,15,1
/m/02js_6,15,1
/m/06zspf,15,1
/m/01kj0p,15,1
/m/05db_7,15,1
/m/02jsrt,15,1
/m/06kjz6,15,1
/m/0z4s,15,1
/m/0g52td,15,1
/m/01r7t9,14,1
/m/026c1,14,1
/m/033_1p,14,1
/m/01p18m,14,1
/m/02lfcm,14,1
/m/056rgc,14,1
/m/0p_47,14,1
/m/01wk51,14,1
/m/0sw5n,14,1
/m/01xcfy,14,1
/m/07mql9,14,1
/m/0sw6g,14,1
/m/02_hj4,13,1
/m/01b9z4,13,1
/m/0794g,13,1
/m/07ddz9,13,1
/m/01rnxn,13,1
/m/06sj3p,13,1
/m/01npmc_,13,1
/m/075k0f,13,1
/m/01vlj1g,13,1
/m/030znt,13,1
/m/068g3p,13,1
/m/0h1nt,13,1
/m/03_6y,13,1
/m/01v3s2_,13,1
/m/0285c83,13,1
/m/03f362,13,1
/m/044_7j,13,1
/m/02mjmb,13,1
/m/020jqv,13,1
/m/032cqn,12,1
/m/03fbb6,12,1
/m/04yqlk,12,1
/m/089_fl,12,1
/m/09ypcg,12,1
/m/0869c8,12,1
/m/01_f_5,12,1
/m/05nzw6,12,1
/m/0h49v0,12,1
/m/02jt1k,12,1
/m/05dctd,12,1
/m/05bpg3,12,1
/m/0d_22_,12,1
/m/0121rx,12,1
/m/0170vn,12,1
/m/0d7whx,12,1
/m/03q1vd,12,1
/m/02633g,12,1
/m/014v6f,12,1
/m/01438g,12,1
/m/0cy_ct,12,1
/m/0372kf,12,1
/m/0g7dfl,12,1
/m/02clgg,12,1
/m/01g257,12,1
/m/060m47,12,1
/m/059fjj,12,1
/m/02rwmyc,12,1
/m/01qqtr,12,1
/m/01gbn6,12,1
/m/02g0rb,12,1
/m/0736qr,12,1
/m/0b7tcc,12,1
/m/02pnw_t,12,1
/m/04954,12,1
/m/01kp66,12,1
/m/01fx2g,12,1
/m/059gkk,12,1
/m/02pzck,12,1
/m/0pmhf,12,1
/m/03h_fqv,12,1
/m/02s2ft,12,1
/m/02lkcc,11,1
/m/0c7lcx,11,1
/m/03zg2x,11,1
/m/02jr26,11,1
/m/044zvm,11,1
/m/07r_dg,11,1
/m/065y301,11,1
/m/03vy0g,11,1
/m/02mqc4,11,1
/m/0cgzj,11,1
/m/0d0fn9,10,1
/m/041s2c,10,1
/m/04s430,10,1
/m/03wfknh,10,1
/m/05dtsb,10,1
/m/024jwt,10,1
/m/06q5t7,10,1
/m/0337t1,10,1
/m/05myd2,10,1
/m/04__f,10,1
/m/07vljr,10,1
/m/02v406,10,1
/m/01pjr7,10,1
/m/02_j7t,10,1
/m/0kjgl,10,1
/m/05fhcs,10,1
/m/0h27vc,10,1
/m/04fhn_,10,1
/m/02ylyg,10,1
/m/09yrh,10,1
/m/0415270,10,1
/m/028r4y,10,1
/m/07gr9b,10,1
/m/01g25r,10,1
/m/01598m,10,1
/m/04nxfq,10,1
/m/01_xtx,10,1
/m/01yd8v,10,1
/m/0428bc,10,1
/m/0zcbl,9,1
/m/01yp8q,9,1
/m/045c8k,9,1
/m/04wf_b,9,1
/m/02k21g,9,1
/m/0126rp,9,1
/m/044lyq,9,1
/m/019f2f,9,1
/m/030h95,9,1
/m/02tv80,9,1
/m/02lymt,9,1
/m/03zqc1,9,1
/m/04vcdj,9,1
/m/016kft,9,1
/m/01tt43d,9,1
/m/0qdgc,9,1
/m/04t2lk,9,1
/m/0gdk6s5,9,1
/m/07myb2,9,1
/m/04bs3j,9,1
/m/0fdc74,9,1
/m/01tnxc,9,1
/m/018swb,9,1
/m/03llcf,9,1
/m/03fdnn,9,1
/m/078jnn,9,1
/m/027_sn,9,1
/m/0gc994c,9,1
/m/04bd8y,9,1
/m/05w43w,9,1
/m/02r_717,9,1
/m/05cl2w,9,1
/m/02ph2wq,9,1
/m/094b0m,9,1
/m/03m8lq,9,1
/m/074ypy,9,1
/m/09zmys,9,1
/m/0127m7,9,1
/m/01qscs,9,1
/m/01515w,9,1
/m/01gv_f,9,1
/m/03_x5t,9,1
/m/01vs_v8,9,1
/m/01wmxfs,9,1
/m/07zk1y,9,1
/m/0932qm,9,1
/m/034bc9,9,1
/m/0432cd,9,1
/m/02114t,9,1
/m/01l9p,9,1
/m/06dhjm,9,1
/m/029r27,9,1
/m/01pcrc,9,1
/m/0p_93,9,1
/m/014z8v,9,1
/m/07bp3c,9,1
/m/01fwk3,9,1
/m/0c_pm7,9,1
/m/033db3,9,1
/m/02mhfy,9,1
/m/04pz5c,9,1
/m/026kr2z,9,1
/m/029pnn,9,1
/m/03c9367,9,1
/m/02_340,9,1
/m/02ymv4,9,1
/m/08d03s,9,1
/m/02vntkl,9,1
/m/02z27l8,9,1
/m/0d0plm,9,1
/m/0q9vf,9,1
/m/03dkdb,9,1
/m/029_l,9,1
/m/03jjzf,9,1
/m/03067p,9,1
/m/02w5kqw,8,1
/m/041h4s,8,1
/m/02w9bmg,8,1
/m/05cxlb,8,1
/m/04bk4c,8,1
/m/0g5t6xr,8,1
/m/0fgg4,8,1
/m/01pqy_,8,1
/m/01kmzs,8,1
/m/02byfd,8,1
/m/04j_gs,8,1
/m/02jq1,8,1
/m/080cvr0,8,1
/m/02m501,8,1
/m/0hsn_,8,1
/m/02ldv0,8,1
/m/0f276,7,1
/m/05kw1v,7,1
/m/0863x_,7,1
/m/05gmpdw,7,1
/m/06pcz0,7,1
/m/078g3l,7,1
/m/016p65,7,1
/m/03swmf,7,1
/m/077qsp,7,1
/m/08g2t9,7,1
/m/05w88j,7,1
/m/01yvzx,7,1
/m/06dv3,7,1
/m/0bqsdt5,7,1
/m/06v76c,7,1
/m/04y315,7,1
/m/0bv796,7,1
/m/02qfhb,7,1
/m/0ksyy4,7,1
/m/0331rx,7,1
/m/02js9p,7,1
/m/012801,7,1
/m/09c84c,7,1
/m/03czn8,7,1
/m/09fdg1,7,1
/m/02t1cp,7,1
/m/027vnf8,7,1
/m/05bmg8,7,1
/m/02lk1s,7,1
/m/024bbl,7,1
/m/0bh6gr,7,1
/m/0frmbg,7,1
/m/07_9zq,7,1
/m/063kr3,7,1
/m/0cz6mz,7,1
/m/06cddt,6,1
/m/02__ww,6,1
/m/027hq5f,6,1
/m/0dlglj,6,1
/m/03k7bd,6,1
/m/02gz2p,6,1
/m/016sp_,6,1
/m/022769,6,1
/m/056b4h,6,1
/m/0gy6z9,6,1
/m/0btxr,6,1
/m/0147dk,6,1
/m/01vhb0,6,1
/m/0gkfkl,6,1
/m/02d4ct,6,1
/m/046qq,6,1
/m/0jdhp,6,1
/m/04wx2v,6,1
/m/050zr4,6,1
/m/04205z,6,1
/m/07krqy,6,1
/m/072bb1,6,1
/m/0btpx,6,1
/m/0bbr594,6,1
/m/011_3s,6,1
/m/02vntj,6,1
/m/07dhg0,6,1
/m/075pg69,6,1
/m/0808c5,6,1
/m/039gzc,6,1
/m/03n5kv,6,1
/m/012gq6,6,1
/m/0jmj,6,1
/m/023mdt,6,1
/m/0301yj,6,1
/m/05sg7z,6,1
/m/05hdf,6,1
/m/02p21g,6,1
/m/02wrbv,6,1
/m/027kfbf,6,1
/m/04b8hz,6,1
/m/05v_f6,6,1
/m/0gppl9,6,1
/m/030hcs,6,1
/m/0g78s8,6,1
/m/0c6b4y,6,1
/m/05cth9,6,1
/m/04z542,6,1
/m/0b6z2c,6,1
/m/0b25vg,6,1
/m/096lf_,6,1
/m/014zfs,6,1
/m/04sp82,6,1
/m/0j_n3w,6,1
/m/06mfvc,6,1
/m/02t__3,6,1
/m/01t6xz,6,1
/m/0378zn,6,1
/m/01n5309,6,1
/m/043js,6,1
/m/0dn3n,6,1
/m/01phtd,6,1
/m/03rl84,6,1
/m/03np3w,6,1
/m/073c1q,6,1
/m/0338ws,6,1
/m/01dw9z,6,1
/m/09y71l,6,1
/m/08cn4_,6,1
/m/095b70,6,1
/m/0517bc,6,1
/m/0jsz09,6,1
/m/02r_km,6,1
/m/0786bc,6,1
/m/03txjw,6,1
/m/03j_13,6,1
/m/04m064,6,1
/m/01pw2f1,6,1
/m/01dbk6,6,1
/m/083wp6,6,1
/m/07gm05,6,1
/m/0hwbd,6,1
/m/06c_41,6,1
/m/03wlz0,6,1
/m/03m83s,6,1
/m/06frb1,6,1
/m/0gx1_3,6,1
/m/01h0_w,6,1
/m/01pz7p,6,1
/m/09jxw0,6,1
/m/0151fv,6,1
/m/01pg1d,6,1
/m/030xc0,6,1
/m/01hxs4,6,1
/m/0bbln5,6,1
/m/028hc2,6,1
/m/019pm_,6,1
/m/0309jm,6,1
/m/027f2n4,6,1
/m/07ct8h,6,1
/m/09byc0,6,1
/m/0cfr_9,6,1
/m/05dbyt,6,1
/m/0404v5,6,1
/m/03f0q3n,6,1
/m/07bg64,6,1
/m/02rf1y,6,1
/m/01gbb4,6,1
/m/04zn7g,6,1
/m/09nz_c,6,1
/m/077t3p,6,1
/m/01jfrg,6,1
/m/06g2zw,6,1
/m/07d3z7,6,1
/m/08_75w,6,1
/m/01nz7jg,6,1
/m/021vwt,6,1
/m/023v4_,6,1
/m/06b3g4,6,1
/m/01wc7p,6,1
/m/025swxt,6,1
/m/074bp3,6,1
/m/016vg8,6,1
/m/01zz8t,6,1
/m/06d8b3,6,1
/m/04wn6l,6,1
/m/07h1t0,6,1
/m/07480_,6,1
/m/035n9m,6,1
/m/036ztw,6,1
/m/09q298,6,1
/m/04jk7rj,6,1
/m/01w9jh4,6,1
/m/0718f6,5,1
/m/0df52j,5,1
/m/0g0ngt,5,1
/m/02tcnx,5,1
/m/01ft2l,5,1
/m/027k040,5,1
/m/06jzh,5,1
/m/02n1sr,5,1
/m/0b2rb1,4,1
/m/03x400,4,1
/m/0cw78f,4,1
/m/0306bt,4,1
/m/038g39,4,1
/m/020l9r,4,1
/m/045p_,4,1
/m/062zhg,4,1
/m/05hssf,4,1
/m/083jjg,4,1
/m/01jw4r,4,1
/m/0h0_6m,4,1
/m/02x7vq,4,1
/m/0127xk,4,1
/m/06w_1w,4,1
/m/0b_vcv,4,1
/m/04kwbt,4,1
/m/0bdq7wk,4,1
/m/065tmb,4,1
/m/0pz7h,4,1
/m/0bmd38z,4,1
/m/02q173g,4,1
/m/012czd,4,1
/m/02b6xq,4,1
/m/012q4n,4,1
/m/0279ng4,4,1
/m/0d59___,4,1
/m/0j436,4,1
/m/07cc2x,4,1
/m/089k60,4,1
/m/04g03tm,4,1
/m/06608_1,4,1
/m/02__7n,3,1
/m/01d0b1,3,1
/m/01xwqn,3,1
/m/05xfm6,3,1
/m/0jtd3v,3,1
/m/03q95r,3,1
/m/09fjmd,3,1
/m/08wd0f,3,1
/m/021yzs,3,1
/m/0jy6k5,3,1
/m/03q3sy,3,1
/m/026dp6,3,1
/m/0q1lp,3,1
/m/02h6djh,3,1
/m/07nc68,3,1
/m/0bwnq9,3,1
/m/01y665,3,1
/m/0kswlg,3,1
/m/07qsx2,3,1
/m/03z509,3,1
/m/04yh8dq,3,1
/m/03kts,3,1
/m/021lqk7,3,1
/m/040bzr,3,1
/m/0408np,3,1
/m/08srw_,3,1
/m/05yh_t,3,1
/m/0blq0z,3,1
/m/02jyhv,3,1
/m/0dp9k4,3,1
/m/02qbmxr,3,1
/m/0bqq0k,3,1
/m/079wyq,3,1
/m/015pxr,3,1
/m/0k07f0,3,1
/m/077z_z,3,1
/m/09c_94,3,1
/m/086k7g,3,1
/m/0lx2l,3,1
/m/089pcj,3,1
/m/02p7m2,3,1
/m/026wcdv,3,1
/m/02t_v1,3,1
/m/01vvyd8,3,1
/m/0dwmn3,3,1
/m/03v738,3,1
/m/018yh9,3,1
/m/03x6n9,3,1
/m/02lf70,3,1
/m/05525t,3,1
/m/02f8lw,3,1
/m/05p5nc,3,1
/m/06swrp,3,1
/m/073k1v,3,1
/m/05zjx,3,1
/m/01zvxq,3,1
/m/07bq67,3,1
/m/0dj45l5,3,1
/m/08fj59,3,1
/m/02xgtz,3,1
/m/02770py,3,1
/m/03mg35,3,1
/m/01338h,3,1
/m/04xjzx,3,1
/m/0b4bdg,3,1
/m/02_0d2,3,1
/m/04hpck,3,1
/m/06l8vg,3,1
/m/0758jk,3,1
/m/06x0z8,3,1
/m/0276m62,3,1
/m/06chtx,3,1
/m/073828,3,1
/m/0f2gtk,3,1
/m/07rxzr,3,1
/m/0bsdjl,3,1
/m/0jyrc9,3,1
/m/026v5l,3,1
/m/02l4pj,3,1
/m/0k03wb,3,1
/m/060nf4,3,1
/m/046lt,3,1
/m/042z_g,3,1
/m/01vrx3g,3,1
/m/015qlm,3,1
/m/0520lcn,3,1
/m/0k1dv3,3,1
/m/018lp7,3,1
/m/0q5hw,3,1
/m/044mrh,3,1
/m/07j9h_,3,1
/m/0ch16d,3,1
/m/08g24q,3,1
/m/07ljvq,3,1
/m/018dnt,3,1
/m/01lntp,3,1
/m/01j6fq,3,1
/m/02r3735,3,1
/m/030j9c,3,1
/m/01ry0f,3,1
/m/01pgk0,3,1
/m/07856g,3,1
/m/080d47t,3,1
/m/030xr_,3,1
/m/0d5368,3,1
/m/045bs6,3,1
/m/0gc3y43,3,1
/m/0kt985,3,1
/m/01pxm_,3,1
/m/030v0r,3,1
/m/08_dmh,3,1
/m/031mly,3,1
/m/01mt1fy,3,1
/m/01vsy7t,3,1
/m/023n39,3,1
/m/09nsb6h,3,1
/m/03mgx3j,3,1
/m/08tbh4,3,1
/m/01gc7h,3,1
/m/036m4c,3,1
/m/05qfpl,3,1
/m/06r41s,3,1
/m/0gpprt,3,1
/m/0b8cgz,3,1
/m/01pd9l,3,1
/m/0g_z9,3,1
/m/01p4vl,3,1
/m/0cjcrjj,3,1
/m/02624g,3,1
/m/08xm16,3,1
/m/03359d,3,1
/m/0dwz5n,3,1
/m/03db_h,3,1
/m/02q432w,3,1
/m/016yvw,3,1
/m/07grx0,3,1
/m/0b05x6,3,1
/m/03hl1_,3,1
/m/06tm33,3,1
/m/022yb4,3,1
/m/01g23m,3,1
/m/01g65g,3,1
/m/02g5h5,3,1
/m/0f7h2v,3,1
/m/039g82,3,1
/m/059w4s,3,1
/m/0jwkd2,3,1
/m/0bntmt7,3,1
/m/032kt3,3,1
/m/05rx__,3,1
/m/08fxyf,3,1
/m/01k8rb,3,1
/m/03q3vd,3,1
/m/07df7t,3,1
/m/06jz0,3,1
/m/03f2_rc,3,1
/m/0dx0r6,3,1
/m/02c23m,3,1
/m/026v437,3,1
/m/03m86c,3,1
/m/096cks,3,1
/m/01sxq9,3,1
/m/0grwj,3,1
/m/014g_s,3,1
/m/026nsp_,3,1
/m/04f1s6,3,1
/m/033w9g,3,1
/m/0c1kn_,3,1
/m/0bnpd3z,3,1
/m/033tmw,3,1
/m/0b_kb3,3,1
/m/0bx7wc,3,1
/m/07xkz7,3,1
/m/0993r,3,1
/m/0n6f8,3,1
/m/03h1fb,3,1
/m/02v49c,3,1
/m/0clg5g,3,1
/m/059qf9,3,1
/m/058s44,3,1
/m/05y5_2,3,1
/m/05dbf,3,1
/m/067187,3,1
/m/0dry29s,3,1
/m/09b8rs,3,1
/m/03l3gd,3,1
/m/0432lv,3,1
/m/01rrxr,3,1
/m/01vgyj,3,1
/m/04frvzh,3,1
/m/05wty0,3,1
/m/0gm6m8,3,1
/m/05_k56,3,1
/m/0pgm3,3,1
/m/02pjlmk,3,1
/m/05mz3_d,3,1
/m/0dqvvz,3,1
/m/03y82t6,3,1
/m/0j_9hj,3,1
/m/02bsm,3,1
/m/05jpsx,3,1
/m/06ggwc,3,1
/m/093fhd,3,1
/m/054ngn,3,1
/m/0htlr,3,1
/m/050t68,3,1
/m/02vpg2c,3,1
/m/015076,3,1
/m/09v2whc,3,1
/m/02p7x0,3,1
/m/0498rc,3,1
/m/0g1hxy,3,1
/m/040696,3,1
/m/05qg6g,3,1
/m/065xxm,3,1
/m/05yqrfd,3,1
/m/0337zp,3,1
/m/03cy9gv,3,1
/m/01520h,3,1
/m/0281lp,3,1
/m/028gf8,3,1
/m/01rcg5,3,1
/m/03mc217,3,1
/m/01w0yrc,3,1
/m/02xfj0,3,1
/m/02r34n,3,1
/m/01dbgw,3,1
/m/048s0r,3,1
/m/0783r3,3,1
/m/04x1_w,3,1
/m/0bbctqs,3,1
/m/03qmj9,3,1
/m/049gj6z,3,1
/m/08hvn4,3,1
/m/01l7f1,3,1
/m/080h3lk,3,1
/m/016z51,3,1
/m/0cmd_ty,3,1
/m/06k6ns,3,1
/m/026_w57,3,1
/m/052scg,3,1
/m/02w4r0q,3,1
/m/027s2fw,3,1
/m/0cbbml,3,1
/m/02qjw63,3,1
/m/04l19_,3,1
/m/0gdkl1g,3,1
/m/01nms7,3,1
/m/02cbs0,3,1
/m/03c529g,3,1
/m/02x4rt3,3,1
/m/03mbst5,3,1
/m/05ry0p,3,1
/m/02s529,3,1
/m/01jvs4,3,1
/m/08679c,3,1
/m/02xwq9,3,1
/m/06s6hs,3,1
/m/09qfkg,3,1
/m/07gwvb,3,1
/m/06dn58,3,1
/m/01vyv9,3,1
/m/020t44,3,1
/m/05wh02,3,1
/m/05s37v,3,1
/m/0cjlh_,3,1
/m/0739z6,3,1
/m/0fx0mw,3,1
/m/05683p,3,1
/m/05mc99,3,1
/m/02rrxnz,3,1
/m/05rjzn,3,1
/m/026wy3l,3,1
/m/05qgy8,3,1
/m/04j41f,3,1
/m/026kb23,3,1
/m/02jtjz,3,1
/m/064wfz,3,1
/m/0c7hnl,3,1
/m/09lytv,3,1
/m/0fztqq,3,1
/m/01rw116,3,1
/m/0137n0,3,1
/m/015nd2,3,1
/m/0641xsr,3,1
/m/032q6y,3,1
/m/06fp_t,3,1
/m/06pzts,3,1
/m/0436f4,3,1
/m/0541bc,3,1
/m/0380zg,3,1
/m/01q697,3,1
/m/06bzwt,3,1
/m/0b991_,3,1
/m/03ckyrf,3,1
/m/01s3kv,3,1
/m/0gdlplj,3,1
/m/0gbz8_j,3,1
/m/08pqc5,3,1
/m/01cj6y,3,1
/m/08k1lz,3,1
/m/07nd5f,3,1
/m/043gj,286,2
/m/01mc6h1,242,2
/m/03l6jx,130,2
/m/0hwd8,121,2
/m/021mlp,114,2
/m/044qx,112,2
/m/02t1wn,107,2
/m/0hnkp,106,2
/m/05pg6q,103,2
/m/0m0nq,101,2
/m/02x2bzt,92,2
/m/03n6r,91,2
/m/012vf6,89,2
/m/02l99f,85,2
/m/011_r9,83,2
/m/0bkmf,77,2
/m/0hnp7,73,2
/m/02849b0,73,2
/m/03fcvf,72,2
/m/0c2tf,72,2
/m/0h1m9,72,2
/m/015cbq,69,2
/m/013qvn,68,2
/m/01dkpb,67,2
/m/0cgbf,67,2
/m/0436zq,63,2
/m/09c_46,63,2
/m/0427y,61,2
/m/0b47ns,61,2
/m/01200d,60,2
/m/02jq56,60,2
/m/02_fj,60,2
/m/05cr66,58,2
/m/02f6s3,57,2
/m/04sz1q,57,2
/m/0cj8x,57,2
/m/026hskb,57,2
/m/02hfsd,56,2
/m/0hpz8,56,2
/m/03bdm4,56,2
/m/0f3hp6,55,2
/m/05c0t6,54,2
/m/0h326,53,2
/m/01vsy9_,53,2
/m/05v45k,53,2
/m/0156y1,52,2
/m/04264n,52,2
/m/01d5vk,51,2
/m/0432b,50,2
/m/011xjd,50,2
/m/049tjg,50,2
/m/0fj_nl,49,2
/m/02h0f3,49,2
/m/01l3j,48,2
/m/0b_fw,48,2
/m/012dr7,47,2
/m/014y_c,47,2
/m/02wrrm,46,2
/m/015d3h,46,2
/m/012j8z,46,2
/m/0h953,46,2
/m/0bw6y,44,2
/m/0h7dd,44,2
/m/05kj4d,44,2
/m/03d9v8,43,2
/m/090051,43,2
/m/01j5tb,43,2
/m/09qh1,43,2
/m/079bl5,43,2
/m/02xgyk,42,2
/m/0m6x4,42,2
/m/01g42,42,2
/m/05kh_,42,2
/m/0cf2h,42,2
/m/0g10g,42,2
/m/029ql,42,2
/m/02x08c,41,2
/m/03mrpz,41,2
/m/02qjwq_,40,2
/m/01g969,40,2
/m/0hwqg,40,2
/m/0202p_,39,2
/m/08k3dj,39,2
/m/02l0kp,39,2
/m/01ty7_y,38,2
/m/0c1nd2,38,2
/m/03fpwp,38,2
/m/0d2jdq,38,2
/m/036jb,38,2
/m/07crf5,38,2
/m/088v88,37,2
/m/01kgg9,37,2
/m/0gmtm,36,2
/m/04t52j,36,2
/m/018qql,35,2
/m/02gdtw,35,2
/m/01d6jf,35,2
/m/079pn3,35,2
/m/0gyy0,35,2
/m/01nvj6p,34,2
/m/05qzxw,34,2
/m/04nw9,34,2
/m/05knjt,34,2
/m/013sg6,33,2
/m/06ljy0,32,2
/m/014zn0,32,2
/m/018fmr,32,2
/m/012dpb,32,2
/m/02cj_f,32,2
/m/028lc8,31,2
/m/022q4j,31,2
/m/015dcj,31,2
/m/05rm4w,31,2
/m/02mtxm,31,2
/m/017zng,31,2
/m/0h1q6,30,2
/m/032bnr,30,2
/m/01c2sl,30,2
/m/017d3v,30,2
/m/0hglv,30,2
/m/06y9_x,30,2
/m/04jxlw,30,2
/m/012c6j,29,2
/m/039vv_,29,2
/m/033htq,29,2
/m/05bdnpb,29,2
/m/06kq1h,29,2
/m/0bkrvh,29,2
/m/03kd1c,29,2
/m/03ctbl,28,2
/m/0f0p0,28,2
/m/039xcr,28,2
/m/07z586,28,2
/m/01m9k6y,28,2
/m/015rhv,28,2
/m/02_01w,28,2
/m/03bgmn,28,2
/m/01y8cr,27,2
/m/0h1_w,27,2
/m/05zmbvr,27,2
/m/034cj9,27,2
/m/034q3l,27,2
/m/01cqh7,26,2
/m/06_4b8,26,2
/m/032xfz,26,2
/m/039nmy,26,2
/m/033h24,26,2
/m/0j_c,26,2
/m/09k292,25,2
/m/0h14h,25,2
/m/01m42d0,25,2
/m/04709,25,2
/m/044bn,25,2
/m/02w7qh1,25,2
/m/04y2g4,24,2
/m/0ckhnl,24,2
/m/08zdk2,24,2
/m/013846,24,2
/m/0197p7,24,2
/m/09bx4t,24,2
/m/06mwbj,24,2
/m/04n_g,23,2
/m/01mmslz,23,2
/m/01k76k,23,2
/m/04glbft,23,2
/m/0gpmp,23,2
/m/0337dn,23,2
/m/02knnd,23,2
/m/0gnkff,23,2
/m/05ddbw,23,2
/m/02mczq,23,2
/m/030czv,22,2
/m/0gmv3,22,2
/m/06jv04,22,2
/m/03crsrm,22,2
/m/04wqr,22,2
/m/04c98w,22,2
/m/02z28y7,22,2
/m/033hpb,22,2
/m/05dqdk,22,2
/m/018s7v,22,2
/m/012dtf,22,2
/m/01bmlb,22,2
/m/0d6d2,22,2
/m/088fdd,22,2
/m/02_wnq,21,2
/m/02x2csl,21,2
/m/04cxryj,21,2
/m/02c7lt,21,2
/m/030jrr,21,2
/m/0j582,21,2
/m/05rms6,21,2
/m/01csrl,21,2
/m/05h5dlr,21,2
/m/089bcy,21,2
/m/03gr97h,20,2
/m/0krskg,20,2
/m/03xx3m,20,2
/m/05pxprq,20,2
/m/01t9qj_,20,2
/m/0ht_k,20,2
/m/02qtzlf,20,2
/m/0ly5n,20,2
/m/03y66q,20,2
/m/02w9y3v,20,2
/m/026ylcz,19,2
/m/05p3dw,19,2
/m/0dxdcm,19,2
/m/04ykv3,19,2
/m/018sgr,19,2
/m/08b8vd,19,2
/m/01ty7ll,19,2
/m/0781h4,19,2
/m/03vrv9,19,2
/m/040z9,19,2
/m/05vfcj,19,2
/m/03cs3js,19,2
/m/0p9vh,19,2
/m/06k743,19,2
/m/01kgfy,19,2
/m/03c1x11,19,2
/m/0hn04,19,2
/m/08_pbl,18,2
/m/0p9gg,18,2
/m/04x946,18,2
/m/0fjfvp,18,2
/m/0fb7c,18,2
/m/019l3m,18,2
/m/04jxzf,18,2
/m/019l68,18,2
/m/02qhm3,18,2
/m/017g2y,18,2
/m/03hg8jx,18,2
/m/06nrh1,18,2
/m/02l_n5,18,2
/m/02tl9,18,2
/m/04cyg9f,18,2
/m/0gbmnd_,18,2
/m/02x28by,18,2
/m/01386m,18,2
/m/0cbf0,17,2
/m/04f6fn,17,2
/m/018hgr,17,2
/m/0mzhd,17,2
/m/02_k_x,17,2
/m/014kbz,17,2
/m/06c0j,17,2
/m/021wjl,17,2
/m/01w1kyf,17,2
/m/01wd_n5,17,2
/m/0k1jvq,17,2
/m/0cyjzn,17,2
/m/016kkx,17,2
/m/02wr6r,17,2
/m/05vzd7,16,2
/m/0735gw,16,2
/m/03c397f,16,2
/m/0h1s0,16,2
/m/0br9vt,16,2
/m/049tcm,16,2
/m/01m5lf,16,2
/m/01jqtg9,16,2
/m/07g9z5,16,2
/m/03815q,16,2
/m/033hqf,16,2
/m/0990gy,16,2
/m/0bc5xm,16,2
/m/056jp0,16,2
/m/03zrvd,16,2
/m/04qyk7,16,2
/m/02s58t,16,2
/m/01cnft,16,2
/m/0krxq4,16,2
/m/012cj0,16,2
/m/01ppr7_,15,2
/m/03c35wj,15,2
/m/0447ft,15,2
/m/0bw87,15,2
/m/07mw50,15,2
/m/03lmwp,15,2
/m/0btyl,15,2
/m/02g_b8,15,2
/m/0445xn,15,2
/m/05vy5j,15,2
/m/012j5h,15,2
/m/02qn4z,15,2
/m/03bggl,15,2
/m/03csbls,15,2
/m/0f45yl,15,2
/m/02ysx,15,2
/m/01y2rq,15,2
/m/03scp0,15,2
/m/0dnp29,15,2
/m/01n44c,15,2
/m/04x9b0,15,2
/m/05zbj9,14,2
/m/061wbb,14,2
/m/06plnr,14,2
/m/0d4zb6,14,2
/m/0310rp,14,2
/m/06b2ht,14,2
/m/02pj61d,14,2
/m/081z2l,14,2
/m/019wrj,14,2
/m/03q8vb,13,2
/m/05c1cm,13,2
/m/014kg4,13,2
/m/02lyx4,13,2
/m/05c934,13,2
/m/01hbq0,13,2
/m/043ntqz,13,2
/m/0279f4k,13,2
/m/01m2gwz,13,2
/m/0f_6zq,13,2
/m/05rg82,13,2
/m/02x2pfc,13,2
/m/06ybgd,13,2
/m/074yjn,13,2
/m/01xm6k,13,2
/m/0m0hw,13,2
/m/02w8sd,13,2
/m/015g36,13,2
/m/01_2n6,13,2
/m/0161h5,13,2
/m/03jl2r,13,2
/m/020csj,13,2
/m/05dtr6,13,2
/m/03bpcj,13,2
/m/02y3dh,13,2
/m/01934k,12,2
/m/02qq68,12,2
/m/0dm3jpl,12,2
/m/06_3vs,12,2
/m/012dtw,12,2
/m/01xrv53,12,2
/m/02l5mv,12,2
/m/0h3gcy,12,2
/m/07y9rp,12,2
/m/09cz9s,12,2
/m/0g6zr3,12,2
/m/04q3w0,12,2
/m/01938t,12,2
/m/01337_,12,2
/m/0c2ry,12,2
/m/03d93my,12,2
/m/0c8fy1,12,2
/m/0qksf,12,2
/m/0kr_dg,12,2
/m/036t_f,12,2
/m/02tg57,12,2
/m/012v9y,12,2
/m/0gz83t,12,2
/m/016mbz,12,2
/m/0gm34,12,2
/m/04bjn7,12,2
/m/07hp1y,12,2
/m/079qlq,12,2
/m/03zwzt,12,2
/m/074n6v,12,2
/m/03bpn6,12,2
/m/05vf0s,12,2
/m/03v91v,12,2
/m/0h160n,12,2
/m/01dml6,12,2
/m/03wg5w,11,2
/m/04jy08,11,2
/m/06_t89,11,2
/m/04yn6q,11,2
/m/02h71m,11,2
/m/04d782,11,2
/m/0cgryl7,11,2
/m/02hs3p,11,2
/m/0h2gfq,11,2
/m/03r2xh,11,2
/m/02l0xc,11,2
/m/0cf3c,11,2
/m/03y6y2,11,2
/m/036jp8,11,2
/m/01bj6y,11,2
/m/04cvwk,11,2
/m/02wbvgd,11,2
/m/09rxfb,10,2
/m/07pkpm,10,2
/m/026w36w,10,2
/m/01933d,10,2
/m/03xyt2,10,2
/m/03c9pcl,10,2
/m/01tcf7,10,2
/m/027fmr_,10,2
/m/03tnq5,10,2
/m/057k43,10,2
/m/0gdjzf,10,2
/m/02l53h,10,2
/m/01wgx4,10,2
/m/03lnqj,10,2
/m/06wnf6,10,2
/m/03c56dw,10,2
/m/0ddlf,10,2
/m/04yk_2,10,2
/m/0fxydw,10,2
/m/01nrgq,10,2
/m/06p6pc,10,2
/m/04_b5q,10,2
/m/0266wpg,10,2
/m/06n9lt,10,2
/m/04qxvw,10,2
/m/0gs1_,10,2
/m/04yn21,10,2
/m/0415v68,10,2
/m/02vxb1m,10,2
/m/02m30v,10,2
/m/02s9tl,10,2
/m/0870zb,10,2
/m/04ykm7,10,2
/m/018qlp,10,2
/m/0l786,10,2
/m/01vgx3r,9,2
/m/0gn605,9,2
/m/032y22,9,2
/m/01hkck,9,2
/m/0438dl,9,2
/m/02vz3r,9,2
/m/02l0sf,9,2
/m/0h66tr,9,2
/m/0bqqvw,9,2
/m/01845d,9,2
/m/02q7wxb,9,2
/m/080bms,9,2
/m/0183xv,9,2
/m/02zyq6,9,2
/m/0d3nx3,9,2
/m/01q6jy,9,2
/m/019wrw,9,2
/m/03qldby,9,2
/m/04mn7m,9,2
/m/0grjc6,9,2
/m/05nt008,9,2
/m/033hwk,9,2
/m/079q2l,9,2
/m/02x5ztx,9,2
/m/098qc8,9,2
/m/018qkz,9,2
/m/02cl24,9,2
/m/06k5vz,9,2
/m/06djgd,9,2
/m/02bf2s,9,2
/m/0286sg_,9,2
/m/06zrdkc,9,2
/m/04xq36,9,2
/m/017tkv,9,2
/m/027j98h,9,2
/m/018qpb,9,2
/m/015gy7,9,2
/m/0k8y7,9,2
/m/0fqqcz,9,2
/m/025vrx_,9,2
/m/02rzk21,9,2
/m/0gyx4,9,2
/m/01tn1yy,9,2
/m/08c1f5,9,2
/m/03gw1kz,9,2
/m/03nk14,9,2
/m/02qhrg,9,2
/m/01jqthq,9,2
/m/0gn989,9,2
/m/0f8463,9,2
/m/0f2wdc,9,2
/m/03y8mf2,9,2
/m/033p3_,9,2
/m/02c7y8,9,2
/m/05bwd6,9,2
/m/07vtjp,9,2
/m/03nrbbn,9,2
/m/0jt9z,9,2
/m/04x9c1,9,2
/m/01380_,9,2
/m/05g95h,9,2
/m/0ddbqx2,9,2
/m/02n5qy,9,2
/m/0ks3qz,9,2
/m/033jd0,9,2
/m/0gm8_p,9,2
/m/01_nh0,9,2
/m/07tvwy,9,2
/m/02x274f,9,2
/m/04664ng,9,2
/m/0gcfvqk,9,2
/m/03h2qbr,9,2
/m/01pl9g,8,2
/m/0793q6,8,2
/m/030kkn,8,2
/m/09753p,8,2
/m/0cwj7d,8,2
/m/04x94m,8,2
/m/0hpddvb,8,2
/m/02w9x90,8,2
/m/0gbyyvr,8,2
/m/07ks67,8,2
/m/045lwq,7,2
/m/02m2wp,7,2
/m/02x707b,7,2
/m/015dqz,7,2
/m/08hj0p,7,2
/m/0hqdr,7,2
/m/0h1mt,7,2
/m/04qc1y,7,2
/m/03bx1r,7,2
/m/016dgz,7,2
/m/03bqwc,7,2
/m/02qm0l0,7,2
/m/01mqz0,7,2
/m/05tf4t,7,2
/m/02h48,7,2
/m/0gbx3b6,7,2
/m/02rwj9,7,2
/m/05r10m,7,2
/m/02x6kb0,7,2
/m/033wfz,7,2
/m/09px0t,7,2
/m/0h4dg9,7,2
/m/0gqrb,7,2
/m/088cqg,7,2
/m/034zc0,7,2
/m/01_lby,7,2
/m/06fx38,7,2
/m/01mgdm3,7,2
/m/079gmy,7,2
/m/033q_9,7,2
/m/03d9sv,7,2
/m/080k1hc,7,2
/m/02pnv8t,7,2
/m/03gwybn,7,2
/m/03zzzq,7,2
/m/0jx0_w,7,2
/m/02rr7_,7,2
/m/01lr4p,7,2
/m/01mq34p,7,2
/m/02x3c65,7,2
/m/0bwh6b,7,2
/m/02l101,7,2
/m/02_pft,7,2
/m/05cbjv,6,2
/m/02x2896,6,2
/m/09_02r,6,2
/m/01p2cbp,6,2
/m/04n3_xw,6,2
/m/0ksmqq,6,2
/m/07tqn0,6,2
/m/0gbzc9n,6,2
/m/0266dgn,6,2
/m/0gfp32,6,2
/m/05rs2c,6,2
/m/0lcf1,6,2
/m/025vvw5,6,2
/m/02x4b3p,6,2
/m/02s_02,6,2
/m/021162,6,2
/m/08qvhv,6,2
/m/054ztz,6,2
/m/04qz9w,6,2
/m/0ksyxs,6,2
/m/027j9c7,6,2
/m/0417n_n,6,2
/m/01b17y,6,2
/m/01ldr0l,6,2
/m/026h_h3,6,2
/m/074qmy,6,2
/m/0cgry8c,6,2
/m/0chbw1,6,2
/m/0629kv,6,2
/m/0fp0z4,6,2
/m/0grb5z,6,2
/m/0266fq7,6,2
/m/02qsy5t,6,2
/m/01yzhn,6,2
/m/02r0k9,6,2
/m/0gnvn7,6,2
/m/0cc8pt0,6,2
/m/09cfjz,6,2
/m/02x2v28,6,2
/m/0gbn8q7,6,2
/m/0b5by4,6,2
/m/03wbdx4,6,2
/m/0c063v,6,2
/m/04xx_l,6,2
/m/01_z45,6,2
/m/04jx1g,6,2
/m/03m8g9b,6,2
/m/02x6kqd,6,2
/m/070282,6,2
/m/0ksz04,6,2
/m/093dc3,6,2
/m/04685cx,6,2
/m/027w_m5,6,2
/m/06mp0p,6,2
/m/075n918,6,2
/m/084v_q,6,2
/m/03c37x0,6,2
/m/0184cd,6,2
/m/02vn14m,6,2
/m/03jzmk,6,2
/m/046chw,6,2
/m/076zpb2,6,2
/m/0bdt8,6,2
/m/06151l,6,2
/m/03y9hct,6,2
/m/0b_h9_v,6,2
/m/01gm8g,6,2
/m/0ftgvx,6,2
/m/03y9f00,6,2
/m/037vcz,6,2
/m/04cylk,6,2
/m/0cwtm,6,2
/m/07z7g5,6,2
/m/05qtz0,6,2
/m/028mc6,6,2
/m/049zht,6,2
/m/01ltsk,6,2
/m/04c1xv,6,2
/m/05_rq2,6,2
/m/03md_y1,6,2
/m/01tg0q2,6,2
/m/039fwd,6,2
/m/04xxwy,6,2
/m/0281f2s,6,2
/m/03nw68z,6,2
/m/07pfr7,6,2
/m/02qnzgm,6,2
/m/03p7px,6,2
/m/07ncw4,6,2
/m/0g2y4r,6,2
/m/06fgbb,6,2
/m/099c0b,6,2
/m/064xyh,6,2
/m/0gby8hl,6,2
/m/016dql,6,2
/m/07v99f,6,2
/m/01v3bn,6,2
/m/04bhjx,6,2
/m/08j2hx,6,2
/m/03q3cj,6,2
/m/07859d,6,2
/m/09q3gc,6,2
/m/011_nf,6,2
/m/020tqp,6,2
/m/01h4rj,6,2
/m/015qt5,6,2
/m/07zfbk,6,2
/m/06hjd98,6,2
/m/02pkhn,6,2
/m/030_p1,6,2
/m/0gb_hjr,6,2
/m/0gc1xsj,6,2
/m/02x6k3h,6,2
/m/03c9p5r,6,2
/m/018gn4,6,2
/m/06zmnl,6,2
/m/05r199,6,2
/m/04x29_,6,2
/m/02rlps7,6,2
/m/06db8v,6,2
/m/0gbxfh3,6,2
/m/0b097z,6,2
/m/03cg7pn,6,2
/m/0dxnfv,6,2
/m/053ykf,6,2
/m/0c93wz,6,2
/m/0c1kv8,6,2
/m/0ksbt2,6,2
/m/03tyf7,6,2
/m/03_bny,6,2
/m/01479s,6,2
/m/06y7cl,6,2
/m/0435_t,6,2
/m/071cn2,6,2
/m/09t0l3,5,2
/m/07vxfc,5,2
/m/042vx1,5,2
/m/0561jd,4,2
/m/04qhwv,4,2
/m/0kt17b,4,2
/m/03zkyh,4,2
/m/01rtpc,4,2
/m/04mx6jw,4,2
/m/01wp2sn,4,2
/m/03lzm1,4,2
/m/0767vn,4,2
/m/06pcfk,4,2
/m/0ccwwr,4,2
/m/0kr_px,4,2
/m/02kxwk,4,2
/m/03cs86q,4,2
/m/027v4n9,4,2
/m/09fw02,4,2
/m/061kqv,4,2
/m/04795v,4,2
/m/06kprx,4,2
/m/0b_h4f,4,2
/m/067lzb,4,2
/m/02pj5_b,4,2
/m/01nrq5,4,2
/m/027yf9h,4,2
/m/0gpdbv,4,2
/m/0ch583,4,2
/m/07sbqvr,4,2
/m/09mblm,4,2
/m/01sg96,4,2
/m/0273l7w,4,2
/m/09q6pq,4,2
/m/03m4m1_,4,2
/m/07zj6v,4,2
/m/0gmqf6,4,2
/m/03d37kk,4,2
/m/0289nx,4,2
/m/02t0gh,4,2
/m/03n383,4,2
/m/063wxj,4,2
/m/07jktx,4,2
/m/03cngrl,3,2
/m/02x4218,3,2
/m/074rn6,3,2
/m/04xglh,3,2
/m/0c05x8,3,2
/m/01p3k9x,3,2
/m/053ym6,3,2
/m/06rr8b,3,2
/m/05cc5_,3,2
/m/04_0_ky,3,2
/m/055jj1,3,2
/m/03d48db,3,2
/m/06my3t,3,2
/m/0bq1z,3,2
/m/05b_9t,3,2
/m/073yhm,3,2
/m/04h273,3,2
/m/06_qlq,3,2
/m/033wj5,3,2
/m/01v2sk,3,2
/m/027kj6l,3,2
/m/06z41w,3,2
/m/028f6l,3,2
/m/0k41t,3,2
/m/0f2xw_,3,2
/m/0281n57,3,2
/m/03ccj2j,3,2
/m/04gs_1n,3,2
/m/011_pk,3,2
/m/02x411_,3,2
/m/0bq0vl,3,2
/m/02w3l1,3,2
/m/07nnh1,3,2
/m/06ptf0,3,2
/m/0802wp,3,2
/m/06mqlc,3,2
/m/05kftt6,3,2
/m/06mrw8,3,2
/m/027g16l,3,2
/m/07w_zl,3,2
/m/0czyj8,3,2
/m/05v4t_,3,2
/m/04x8_g,3,2
/m/05grdr,3,2
/m/07m5k5,3,2
/m/0b1phn,3,2
/m/04n4fcy,3,2
/m/0krsmr,3,2
/m/0282rf4,3,2
/m/0642_j,3,2
/m/02z8tjk,3,2
/m/0ph52,3,2
/m/02pjmg2,3,2
/m/04jx7t,3,2
/m/01h448,3,2
/m/093h0p,3,2
/m/04tmlx,3,2
/m/0dxpzh,3,2
/m/0c5cgb,3,2
/m/0dmpjl,3,2
/m/062d25,3,2
/m/062jfh4,3,2
/m/027nxkr,3,2
/m/09v380h,3,2
/m/03gsj50,3,2
/m/08pr22,3,2
/m/049ffv,3,2
/m/039mzr,3,2
/m/018417,3,2
/m/027t_fk,3,2
/m/09cj3g,3,2
/m/06s0lj,3,2
/m/076689,3,2
/m/04g4n,3,2
/m/0kskxn,3,2
/m/08y3q6,3,2
/m/021138,3,2
/m/02q4wmp,3,2
/m/02w9xtw,3,2
/m/0c_ls_,3,2
/m/0gcx7kc,3,2
/m/039lrt,3,2
/m/09kpbj,3,2
/m/0777wp,3,2
/m/0334c2,3,2
/m/01k8f20,3,2
/m/045dql,3,2
/m/06_1yk,3,2
/m/05q7xzg,3,2
/m/070d23,3,2
/m/0gdk2c5,3,2
/m/09rf__4,3,2
/m/03hhp1v,3,2
/m/073x6y,3,2
/m/016dv1,3,2
/m/03c9v_3,3,2
/m/06_tfw,3,2
/m/0cw3t3,3,2
/m/05qw5v,3,2
/m/0dhtrg,3,2
/m/04npq_,3,2
/m/02x6gy9,3,2
/m/0k42_s,3,2
/m/06sr8f,3,2
/m/03gph9,3,2
/m/0cmd9yc,3,2
/m/063hwfq,3,2
/m/0bgbxr_,3,2
/m/0415rz2,3,2
/m/01574b,3,2
/m/01ynp5,3,2
/m/07ynhn,3,2
/m/03gqqck,3,2
/m/03cbgxm,3,2
/m/064q72b,3,2
/m/01ffgx,3,2
/m/046p1w,3,2
/m/082_v4,3,2
/m/049n4z,3,2
/m/0gc2kz2,3,2
/m/0b645k,3,2
/m/02_wxh,3,2
/m/02hsgn,3,2
/m/0cz73l,3,2
/m/0f0571,3,2
/m/08bx_1,3,2
/m/027j94q,3,2
/m/03q92v,3,2
/m/02g0mx,3,2
/m/0f07g0,3,2
/m/0f9j5j,3,2
/m/074yf5,3,2
/m/02jsyv,3,2
/m/08r4pr,3,2
/m/08n2fv,3,2
/m/069v80,3,2
/m/06xkzs,3,2
/m/074n7w,3,2
/m/057_ft,3,2
/m/02w9g0s,3,2
/m/01wrn5,3,2
/m/05b8m7,3,2
/m/03cw5f,3,2
/m/027zlhs,3,2
/m/03gtth9,3,2
/m/02783h7,3,2
/m/05n7wg1,3,2
/m/047bvls,3,2
/m/01mrvg,3,2
/m/0f0zn1,3,2
/m/0gb_k1d,3,2
/m/0b07mf,3,2
/m/0266n4d,3,2
/m/0f_wf4,3,2
/m/02yjx4,3,2
/m/0391v,3,2
/m/04dz5_4,3,2
/m/087sp5,3,2
/m/0183w9,3,2
/m/0gjdzgy,3,2
/m/0f2vdn,3,2
/m/08yf77,3,2
/m/0d9blw,3,2
/m/05bw4t,3,2
/m/028507g,3,2
/m/0pkw7,3,2
/m/0dn88w,3,2
/m/026gzvh,3,2
/m/0g56hpr,3,2
/m/041b4j,3,2
/m/02v_qc5,3,2
/m/09045p,3,2
/m/0gdjtm,3,2
/m/01s80h,3,2
/m/0gz5j7,3,2
/m/06vv6_,3,2
/m/04yg_j0,3,2
/m/086czv,3,2
/m/053y56,3,2
/m/07dhhf,3,2
/m/047dp2j,3,2
/m/0234_q,3,2
/m/0cnj5g,3,2
/m/03qcyy,3,2
/m/03bp7b,3,2
/m/01jsg2,3,2
/m/07ncsr,3,2
/m/043jw46,3,2
/m/0994cv,3,2
/m/011lpr,3,2
/m/054fhqn,3,2
/m/09vx5h,3,2
/m/02l0mw,3,2
/m/039xbb,3,2
/m/08vj24,3,2
/m/02qh53w,3,2
/m/03f3z7v,3,2
/m/03hlr95,3,2
/m/03lyk9,3,2
/m/06xv96,3,2
/m/02rnjy,3,2
/m/0fjmkg,3,2
/m/08x_qx,3,2
/m/059r5c,3,2
/m/03cz213,3,2
/m/076y7l,3,2
/m/01hdjt,3,2
/m/05xrj4,3,2
/m/08y0rb,3,2
/m/0cmdnfl,3,2
/m/02rfznd,3,2
/m/03h1f2p,3,2
/m/0320h5,3,2
/m/0983m3,3,2
/m/04cs_6_,3,2
/m/04f_wnc,3,2
/m/03c2b1,3,2
/m/026s83j,3,2
/m/03rt93,3,2
/m/028bq3,3,2
/m/083y71,3,2
/m/04fzy5h,3,2
/m/03mf9ht,3,2
/m/0cz87rg,3,2
/m/012gbb,3,2
/m/08znhs,3,2
/m/09tq5y,3,2
/m/0f134h,3,2
/m/02vkbl,3,2
/m/0jz405,3,2
/m/03zzpx,3,2
/m/0dnfnr,3,2
/m/0196bb,3,2
/m/05mrl8v,3,2
/m/0d6lqy,3,2
/m/0bz_02,3,2
/m/012wy9,3,2
/m/0193cw,3,2
/m/01ngwkv,3,2
/m/0gbvhm,3,2
/m/07jcbz,3,2
/m/0173p_,3,2
/m/01mgtn4,3,2
/m/01vnpn,3,2
/m/0417p1q,3,2
/m/027h5l1,3,2
/m/06m6nk,3,2
/m/07n3j_,3,2
/m/06y7dm,3,2
/m/014g8p,3,2
/m/08zxq1,3,2
/m/0623tl,3,2
/m/0cbcq,3,2
/m/086405,3,2
/m/0gtvny,3,2
/m/0fd_g2,3,2
/m/01fv1q,3,2
/m/02z5bft,3,2
/m/01k67w,3,2
/m/02x26sr,3,2
/m/02qczjp,3,2
/m/0b071v,3,2
/m/015q43,3,2
/m/03d3r6,3,2
/m/02x2pp8,3,2
/m/03cztr9,3,2
/m/01svw8n,3,2
/m/02t_tp,3,2
/m/02fgg,3,2
/m/0fzkhf,3,2
/m/02x2lmz,3,2
/m/0fmm80,3,2
/m/0c12h,3,2
/m/07x895,3,2
/m/026gn9,3,2
/m/07z2w7,3,2
/m/0bv_pdc,3,2
/m/0c9hdz,3,2
/m/03lvyj,3,2
/m/07zb2b,3,2
/m/0fkv25,3,2
/m/05bh248,3,2
/m/022sm6,3,2
/m/07gpy2,3,2
/m/0c1nsvj,3,2
/m/09v3kql,3,2
/m/04n3_6w,3,2
/m/03hgyjv,3,2
/m/08mxy8,3,2
/m/05f0d6,3,2
/m/09bhy9,3,2
/m/04c636,1129,3
/m/05yvfd,969,3
/m/0tj9,957,3
/m/02n1gr,803,3
/m/0292l3,786,3
/m/01k6nm,698,3
/m/07yw6t,695,3
/m/03fw60,683,3
/m/0969vz,650,3
/m/05nw9m,646,3
/m/0cm19f,644,3
/m/03m2fg,585,3
/m/0894_x,574,3
/m/090gk3,554,3
/m/07rn0z,512,3
/m/05qtcv,502,3
/m/02tq2r,470,3
/m/061zc_,464,3
/m/08624h,464,3
/m/02n1p5,459,3
/m/06wvfq,453,3
/m/043cl9,444,3
/m/03f22dp,413,3
/m/044prt,403,3
/m/02qnk5c,402,3
/m/044ptm,394,3
/m/01n8_g,380,3
/m/05wdgq,371,3
/m/03j367r,360,3
/m/01s0l0,357,3
/m/05_zc7,342,3
/m/03f02ct,321,3
/m/087z12,318,3
/m/044pqn,317,3
/m/045n3p,303,3
/m/08d6bd,296,3
/m/02qnhk1,292,3
/m/01zh29,287,3
/m/02jxsq,286,3
/m/0gcx730,275,3
/m/027lfrs,272,3
/m/0fg_hg,268,3
/m/0k0q8q,265,3
/m/081hvm,264,3
/m/0cb1ky,262,3
/m/0cfywh,251,3
/m/038b_x,244,3
/m/07jmnh,236,3
/m/04328m,232,3
/m/070c93,228,3
/m/05zdk2,225,3
/m/0bxy67,224,3
/m/07t3x8,223,3
/m/02x02kb,217,3
/m/03vrnh,214,3
/m/02wyc0,207,3
/m/0d5trf,207,3
/m/02c_wc,198,3
/m/08vpjv,195,3
/m/08y7b9,190,3
/m/02756j,187,3
/m/0gbzgw3,184,3
/m/03xdxv,182,3
/m/067jsf,180,3
/m/02wxvtv,178,3
/m/047jhq,176,3
/m/03cprft,176,3
/m/02vmzp,173,3
/m/03d6wsd,172,3
/m/0b5x23,171,3
/m/01wttr1,168,3
/m/0266d2k,165,3
/m/07jmgz,164,3
/m/026j4y9,163,3
/m/0k1rsd,160,3
/m/0ddfph,159,3
/m/08kp57,159,3
/m/0265z9l,158,3
/m/04s96s,156,3
/m/02xgdv,155,3
/m/04hqbbz,153,3
/m/06s6xv,152,3
/m/02ctyy,148,3
/m/03hfxx,146,3
/m/038x5v,142,3
/m/03t8_m,140,3
/m/0239zv,138,3
/m/07c90c,137,3
/m/04rs6k,135,3
/m/06btk1,135,3
/m/0276g40,134,3
/m/03t8v3,132,3
/m/0gbxvv5,132,3
/m/07f0tw,131,3
/m/05g3ss,131,3
/m/0cct7p,131,3
/m/01zp33,130,3
/m/090x7d,129,3
/m/0cfz_z,127,3
/m/099s4z,125,3
/m/07hpqm,124,3
/m/06gn7r,124,3
/m/0gdkxkf,122,3
/m/045hz5,120,3
/m/08t776,120,3
/m/03fwln,118,3
/m/0503zz,118,3
/m/073rkm,117,3
/m/03d63lb,116,3
/m/0kt64b,114,3
/m/01zt10,113,3
/m/040wdl,109,3
/m/05wdcz,106,3
/m/03khrl,102,3
/m/08q9qx,102,3
/m/0gdkfr0,102,3
/m/090gpr,101,3
/m/04y0yc,100,3
/m/087_wh,100,3
/m/04qp06,100,3
/m/047m111,99,3
/m/03khs_,98,3
/m/07l4kn,98,3
/m/07tcjt,98,3
/m/025p38,97,3
/m/0fwfxv,97,3
/m/0280xl6,96,3
/m/04jjgzg,95,3
/m/04y0hj,92,3
/m/03x31g,91,3
/m/03f1zb5,91,3
/m/08hhm6,90,3
/m/0gc6fr4,90,3
/m/05d7rk,90,3
/m/02ryxjl,89,3
/m/0cr7q2b,89,3
/m/023sng,89,3
/m/04n6t55,88,3
/m/0241wg,85,3
/m/0dnr7x,84,3
/m/049m19,83,3
/m/02y_491,83,3
/m/03d3gd,83,3
/m/02q3h_p,83,3
/m/05wd82,82,3
/m/049468,81,3
/m/021zyf,81,3
/m/0jx9l6,81,3
/m/040nwr,80,3
/m/02vmzb,80,3
/m/0g4m38,80,3
/m/0g0tyq,79,3
/m/07f49g,79,3
/m/026j5j6,78,3
/m/06qxx0,78,3
/m/015npr,77,3
/m/05w6fq,77,3
/m/02n5b3,77,3
/m/075r_k,76,3
/m/026kv8h,76,3
/m/0f5zj6,75,3
/m/0270bv0,74,3
/m/077x14,74,3
/m/0k1sn51,73,3
/m/0cl0js,73,3
/m/03z_g7,72,3
/m/02qnj9h,72,3
/m/0dm652,71,3
/m/0cr6dz6,71,3
/m/0fbt2x,70,3
/m/0808dpt,70,3
/m/0btrvt,69,3
/m/02q99nj,68,3
/m/03qjbbd,68,3
/m/0gbwr04,68,3
/m/0fphcdw,68,3
/m/026n_xx,68,3
/m/04jr9d,67,3
/m/08ch36,66,3
/m/0jsnl2,66,3
/m/040khd,65,3
/m/02w09gx,65,3
/m/03w7jt,63,3
/m/0flj39,63,3
/m/02q97xt,63,3
/m/064p92m,62,3
/m/02xhr0,62,3
/m/021j72,61,3
/m/04g0wt9,61,3
/m/09zf1p,61,3
/m/05b1062,61,3
/m/0c9slq,61,3
/m/0278gv2,60,3
/m/050llt,59,3
/m/0bs530,59,3
/m/03t8sd,57,3
/m/02rg_7h,57,3
/m/090_4l,56,3
/m/02x2fvz,55,3
/m/0cr6dzh,54,3
/m/08bqy9,54,3
/m/026g3l3,53,3
/m/03bxsk4,53,3
/m/03z_gl,53,3
/m/0cld6t,53,3
/m/03cbfhn,52,3
/m/0gdk2gk,52,3
/m/0cdy96,52,3
/m/03j368d,51,3
/m/05c0wz6,51,3
/m/0dl54k2,51,3
/m/02q98x2,51,3
/m/0gbyqwr,50,3
/m/03zhqs,50,3
/m/05b05p_,50,3
/m/05xhmh,48,3
/m/040wjm,47,3
/m/08z_kd,47,3
/m/0gch_47,47,3
/m/0cfwj7,46,3
/m/04g5nr,46,3
/m/08w8g0,45,3
/m/0gc97zr,45,3
/m/08trv2,45,3
/m/09zfq_,45,3
/m/06kl0k,44,3
/m/0jsnl8,44,3
/m/0cs7r8,44,3
/m/07f37n,44,3
/m/08_6h8,44,3
/m/06y_92,43,3
/m/0274f0x,42,3
/m/0cj4kr,41,3
/m/025zsh2,40,3
/m/04n4h2l,40,3
/m/0gdk871,40,3
/m/02qq_ww,40,3
/m/03d8njj,40,3
/m/06n54j,39,3
/m/07k4dx5,39,3
/m/0cvbb9q,39,3
/m/02q_47r,39,3
/m/03rtvc,39,3
/m/04lg2gk,38,3
/m/0ggxly,38,3
/m/047f23v,38,3
/m/03m3nzf,38,3
/m/0cw9jh,38,3
/m/0gc1wb1,38,3
/m/04g5td,38,3
/m/04b1n,37,3
/m/0gbxm40,36,3
/m/06600n_,36,3
/m/0gc4ylj,36,3
/m/0d9xq4,36,3
/m/04ch23,35,3
/m/0gdk402,35,3
/m/0cg0tr,35,3
/m/04rr_s,35,3
/m/0gdk_pd,34,3
/m/0gdk17g,34,3
/m/0cfwz4,34,3
/m/047f9jp,34,3
/m/03t8z1,34,3
/m/04_fcc,33,3
/m/05q7k8,33,3
/m/0ccbln3,33,3
/m/0cr7p37,33,3
/m/047s9xk,33,3
/m/0cfdbx,33,3
/m/0gcxl37,33,3
/m/0gc1hqr,32,3
/m/0dj2nf2,32,3
/m/04g5sn,32,3
/m/0bs1d9p,31,3
/m/04mz0ty,31,3
/m/0b7zz5,31,3
/m/0h4pss,31,3
/m/02phhc0,31,3
/m/065xb3,31,3
/m/0dj2nfc,30,3
/m/085lpk,30,3
/m/090v7b,30,3
/m/09v18kq,30,3
/m/0fy2zn,30,3
/m/0gvv6z8,30,3
/m/0885_b,30,3
/m/0dhzn5,30,3
/m/0fj2sk,29,3
/m/0flj84,29,3
/m/04pzp8,29,3
/m/0gcjg_9,28,3
/m/06dzgl,28,3
/m/0hh2zgr,28,3
/m/086lpw,28,3
/m/02r_c3x,28,3
/m/07f3wn,28,3
/m/0jt5jn,28,3
/m/0573tj8,28,3
/m/04mzw77,28,3
/m/09k68f,27,3
/m/0bvls5,27,3
/m/026m_m0,27,3
/m/05ydx0,26,3
/m/0gdm998,26,3
/m/0krw5f,25,3
/m/03cmbp8,25,3
/m/0dkc9ws,25,3
/m/0b55n2,25,3
/m/02q2yld,25,3
/m/09k62cz,25,3
/m/06_wzm4,25,3
/m/0ddfchv,25,3
/m/03hnn5b,25,3
/m/0662st,25,3
/m/09v3c8s,25,3
/m/04kfg7,25,3
/m/05d7vq,24,3
/m/0261yk1,24,3
/m/0gcxkdy,24,3
/m/047t4vq,23,3
/m/054ypw,23,3
/m/05p8_n4,23,3
/m/02852vp,23,3
/m/0b_qxs1,23,3
/m/0g2bkf,23,3
/m/0c3q57,23,3
/m/0gc56_0,23,3
/m/09w3dt,22,3
/m/0gc0x6x,22,3
/m/02wy7c,22,3
/m/03cndvm,22,3
/m/0cqyvd,22,3
/m/0gcx7_n,21,3
/m/08tcyn,21,3
/m/0b_qxrv,21,3
/m/0bff4jk,21,3
/m/0gdk3cl,20,3
/m/03qjs92,20,3
/m/0cd7g0,20,3
/m/03hnrn3,20,3
/m/0flxmx,20,3
/m/0gb_zqh,20,3
/m/0h2hsw,20,3
/m/05xd8x,19,3
/m/05m_ksf,19,3
/m/04d_fbm,19,3
/m/063__x,19,3
/m/0b7bk8,19,3
/m/03h0j9m,19,3
/m/073dmy,19,3
/m/043rd_l,19,3
/m/0fvs6l,18,3
/m/02r30xh,18,3
/m/02rkt1c,18,3
/m/02qnhtn,18,3
/m/09v4x2t,17,3
/m/0gc4hjz,17,3
/m/0862nf,17,3
/m/07fm_x,17,3
/m/0d_tk7,17,3
/m/07s3j8p,17,3
/m/05zm76x,17,3
/m/0fq1rj3,17,3
/m/06ztd0d,17,3
/m/0jtwms,17,3
/m/08xtbc,16,3
/m/027gsx3,16,3
/m/0djwkt,16,3
/m/0cr6dzd,16,3
/m/0271zv7,16,3
/m/03d06q8,16,3
/m/02lyrj,16,3
/m/082t0j,16,3
/m/0cfgbw,15,3
/m/0c688y,15,3
/m/02740jf,15,3
/m/0cvyx3,15,3
/m/0cs_cxv,15,3
/m/02z9gd_,15,3
/m/0gbzv77,15,3
/m/0k3_4h,15,3
/m/07t4d6d,15,3
/m/0b7b98,15,3
/m/0cz88y_,14,3
/m/0jvp06,14,3
/m/0gcxqtd,14,3
/m/026p3wd,14,3
/m/032tb0,14,3
/m/03f46w,14,3
/m/04n268h,13,3
/m/027vy8b,13,3
/m/068zjd,13,3
/m/0b55cx,13,3
/m/0h6dlc7,13,3
/m/0gc99_4,13,3
/m/0gc0jd8,13,3
/m/0b84vr,13,3
/m/03nvxl9,13,3
/m/06kxs3,13,3
/m/0fqmmhg,13,3
/m/0k44p3,13,3
/m/028bs1p,13,3
/m/01mp07q,12,3
/m/0261psv,12,3
/m/0ct15lj,12,3
/m/0gdk5l4,12,3
/m/0j_9xt,12,3
/m/027wtq4,12,3
/m/07066b,12,3
/m/0270fn6,12,3
/m/0dl7zl,12,3
/m/0gxn9l,12,3
/m/08m37w,12,3
/m/0bwlv75,12,3
/m/08h94l,12,3
/m/02xb82c,12,3
/m/01x29cx,12,3
/m/03cb0yx,12,3
/m/0gby1nk,12,3
/m/0b82nz,12,3
/m/07f4tm,12,3
/m/02qk1wb,11,3
/m/02p44hd,11,3
/m/04m_hj3,11,3
/m/0gdkw0b,11,3
/m/0gcz1wg,10,3
/m/026ttbb,10,3
/m/0gc1kxz,10,3
/m/0djwb0,10,3
/m/0c96fs,10,3
/m/0gb_jdq,10,3
/m/0ckfm6,10,3
/m/02q1mmh,10,3
/m/0gc1sk9,10,3
/m/0ccn56,10,3
/m/0jsnlg,10,3
/m/0gm2kyg,10,3
/m/0gdl2n9,10,3
/m/03c33jg,10,3
/m/04rs51,10,3
/m/0gdk1vf,10,3
/m/0g4w3jv,10,3
/m/0813v2,9,3
/m/0gdl9lb,9,3
/m/0c36fz,9,3
/m/0k7j6n,9,3
/m/0cn8y3,9,3
/m/066wtm,9,3
/m/0gc2lz2,9,3
/m/09_zqy,9,3
/m/0dkc9ww,9,3
/m/025yyhq,9,3
/m/0gbyt81,9,3
/m/0gfd1wh,9,3
/m/0gbwnxv,9,3
/m/0k29n2,9,3
/m/07zm_w,9,3
/m/0djwy_g,9,3
/m/06vxph,9,3
/m/0gc1mvn,9,3
/m/0872hg,9,3
/m/02rfx4j,9,3
/m/0g783p,9,3
/m/0bcg42,9,3
/m/03c5jd1,9,3
/m/0b781h6,9,3
/m/0486gk,9,3
/m/0274zgs,9,3
/m/04jcjlt,9,3
/m/0fff6_,9,3
/m/0bmj16,9,3
/m/0gc6jc2,9,3
/m/0gdk5_9,9,3
/m/047pfxm,9,3
/m/04ymjs,9,3
/m/0gcx7fd,8,3
/m/05zvzn2,8,3
/m/02qtpgr,8,3
/m/01k6n8,8,3
/m/07wgyy,8,3
/m/0gbx2ds,8,3
/m/0gb_sjf,8,3
/m/0gc2q7l,8,3
/m/02x07ff,8,3
/m/0gcxl3v,7,3
/m/0ggw8w,7,3
/m/0gc20zt,7,3
/m/04yg_0x,7,3
/m/0ckp95,7,3
/m/0gbwnlq,7,3
/m/027wtxb,7,3
/m/02qh590,7,3
/m/03d8s9x,7,3
/m/0jt1t3,7,3
/m/0jt5k6,7,3
/m/0c20w0,7,3
/m/02pmhhg,6,3
/m/0gbxk_7,6,3
/m/0gbztyb,6,3
/m/0b_qxrg,6,3
/m/0ccsjs,6,3
/m/0gc026x,6,3
/m/0dv37j,6,3
/m/0jx9kv,6,3
/m/04gtmv4,6,3
/m/0b82gx,6,3
/m/0gb_8g1,6,3
/m/05sx_xc,6,3
/m/07tc2k,6,3
/m/03wfljf,6,3
/m/0k12zf,6,3
/m/0gc8yr1,6,3
/m/05f8gsq,6,3
/m/0266qjv,6,3
/m/0jt5jg,6,3
/m/0gbztcg,6,3
/m/026ksyr,6,3
/m/027xfx0,6,3
/m/02x68cc,6,3
/m/0bvcb34,6,3
/m/0k0bzk,6,3
/m/0bsc89,6,3
/m/0c9st_,6,3
/m/026mdxn,6,3
/m/0dw9c3,6,3
/m/0gck8jq,6,3
/m/02qj6bs,6,3
/m/0cr7p1y,6,3
/m/0bjtyg,6,3
/m/026yfz_,6,3
/m/02qndlj,6,3
/m/0gc7k58,6,3
/m/0dm3107,6,3
/m/0gdlpy4,6,3
/m/0fqpb49,6,3
/m/0c027bs,6,3
/m/045_9d,6,3
/m/025_kt2,6,3
/m/0cr7ql5,6,3
/m/05mxh0d,6,3
/m/0gc0qfr,6,3
/m/027lhzz,6,3
/m/02w96xv,6,3
/m/0ch1zb,6,3
/m/0gbzsb_,6,3
/m/0cz2hq,6,3
/m/0gb_7vd,6,3
/m/054yrb,6,3
/m/05zj3h7,6,3
/m/0cgstp0,6,3
/m/0gbwwl_,6,3
/m/03cpdl5,6,3
/m/08t7tw,6,3
/m/090x1w,6,3
/m/03cb13d,5,3
/m/05f7vg8,5,3
/m/05d7qw,4,3
/m/04tqzq,4,3
/m/0gcglns,4,3
/m/09tf4pl,4,3
/m/026tth4,4,3
/m/067ll2,4,3
/m/03grrk9,4,3
/m/087h_9,4,3
/m/08s3jk,4,3
/m/0k29wn,4,3
/m/07457s,4,3
/m/0jvfy7,4,3
/m/07yw4b,4,3
/m/01qj_k4,4,3
/m/09v6_4f,4,3
/m/03cc36k,4,3
/m/0j_30f,4,3
/m/0dj2kb8,4,3
/m/0dm308_,4,3
/m/05zhrvp,4,3
/m/0b6npsd,4,3
/m/0cm85_y,4,3
/m/0gbys79,4,3
/m/0ccblms,3,3
/m/0cfym4,3,3
/m/0ktdtr,3,3
/m/03y5lfs,3,3
/m/0m_2gwc,3,3
/m/0gbzx6d,3,3
/m/0d27_8,3,3
/m/0833bt,3,3
/m/0bqs9xj,3,3
/m/0gdl1w1,3,3
/m/064kw3f,3,3
/m/0fkch2,3,3
/m/080ppkr,3,3
/m/0gbzb_9,3,3
/m/02qrmwk,3,3
/m/0ds6vdd,3,3
/m/0b73y9,3,3
/m/0k0q_c,3,3
/m/03c6m4w,3,3
/m/0k3_43,3,3
/m/0gb_v_3,3,3
/m/05f850m,3,3
/m/0gc2mvj,3,3
/m/02psm1k,3,3
/m/0cpnt7,3,3
/m/0g9pvxp,3,3
/m/05h2g0r,3,3
/m/09rtr4k,3,3
/m/0gbzs4s,3,3
/m/0ds9z65,3,3
/m/0gc0svl,3,3
/m/05d7pg,3,3
/m/07q9mxs,3,3
/m/02q43qv,3,3
/m/0chjyv,3,3
/m/0j_c08,3,3
/m/043nt7h,3,3
/m/0g9pvyf,3,3
/m/0gc028t,3,3
/m/0c6876,3,3
/m/0gc4w8y,3,3
/m/0dgsd62,3,3
/m/026n52v,3,3
/m/0gbwr6d,3,3
/m/0gdlyrh,3,3
/m/04q3bv5,3,3
/m/0gcyvkz,3,3
/m/05s_gg2,3,3
/m/0gdm4ft,3,3
/m/02pskbk,3,3
/m/0gc2w2g,3,3
/m/06znml3,3,3
/m/04ld7t0,3,3
/m/0cs_5xh,3,3
/m/0274j4z,3,3
/m/04xg7s,3,3
/m/03crflr,3,3
/m/03bp3h,3,3
/m/0bxwgf7,3,3
/m/0gm19zt,3,3
/m/040kmf,3,3
/m/0jvmxh,3,3
/m/0fpfpm,3,3
/m/0gbxryl,3,3
/m/0gbz3mz,3,3
/m/0gb_k87,3,3
/m/0ccljr,3,3
/m/080b17g,3,3
/m/0gbwws_,3,3
/m/0g8p5rm,3,3
/m/02x9x4q,3,3
/m/0bhc551,3,3
/m/0gc5k13,3,3
/m/0h3td9n,3,3
/m/09v84w7,3,3
/m/02r97m9,3,3
/m/0ch5k_g,3,3
/m/0gbxsj1,3,3
/m/07g039,3,3
/m/07r5gt,3,3
/m/05f5bt3,3,3
/m/0dm771,3,3
/m/0cc6442,3,3
/m/02q_pbg,3,3
/m/0gc1357,3,3
/m/0ck2d6y,3,3
/m/0gb_mq3,3,3
/m/06_w4z_,3,3
/m/03d0nn7,3,3
/m/02pt_b1,3,3
/m/04jd5lh,3,3
/m/0gcdwmn,3,3
/m/02qjhhd,3,3
/m/0gbx5k1,3,3
/m/0861_l,3,3
/m/04n3v0_,3,3
/m/06kh6q,3,3
/m/0c49yr,3,3
/m/073rv1,3,3
/m/0ck7vfw,3,3
/m/0gc9cv_,3,3
/m/0j_30t,3,3
/m/03d0nwt,3,3
/m/0cc545z,3,3
/m/084rp8,3,3
/m/0gc8tyv,3,3
/m/0gbwzf4,3,3
/m/0jxbk4,3,3
/m/02g5bf,3,3
/m/0gc6ksd,3,3
/m/02qgsjt,3,3
/m/0b76w8c,3,3
/m/0b_qxqy,3,3
/m/0gdk4wq,3,3
/m/07_mtj,3,3
/m/0gdl_2s,3,3
/m/0ff_01,3,3
/m/025yytp,3,3
/m/03czhr1,3,3
/m/04jfp_k,3,3
/m/0gc2zgn,3,3
/m/05t0bpk,3,3
/m/0gc4y3_,3,3
/m/0hgwfcx,3,3
/m/0cl42rs,3,3
/m/03cd1_x,3,3
/m/07_3kh,3,3
/m/02ps3y3,3,3
/m/05p2900,3,3
/m/0gb_m8k,3,3
/m/0gb_cst,3,3
/m/0285xqh,3,3
/m/0jz9z0x,3,3
/m/0g8p5s5,3,3
/m/0271dpr,3,3
/m/080g_c3,3,3
/m/080g6w_,3,3
/m/02r5l09,3,3
/m/09nc76,3,3
/m/080ff9t,3,3
/m/0gdk0k2,3,3
/m/0gdk02k,3,3
/m/014zyp,223,4
/m/070px,193,4
/m/0970k,184,4
/m/0f0kz,179,4
/m/037_xt,176,4
/m/04xs5q,131,4
/m/013q8x,115,4
/m/030r7t,104,4
/m/063_t,95,4
/m/03nv71,93,4
/m/014zzk,92,4
/m/09wj5,89,4
/m/03ym1,87,4
/m/015qbb,86,4
/m/016ypb,82,4
/m/01846t,80,4
/m/014zxv,78,4
/m/0151zx,76,4
/m/016vcp,72,4
/m/0241jw,69,4
/m/03npmd,68,4
/m/05vjms,66,4
/m/016zp5,66,4
/m/02ck7w,65,4
/m/0154qm,64,4
/m/0gnbw,63,4
/m/015t56,63,4
/m/03b0q4,63,4
/m/0170pk,61,4
/m/01v6480,61,4
/m/04d7mh,61,4
/m/015vql,61,4
/m/0jvtp,59,4
/m/01k109,58,4
/m/01v9l67,56,4
/m/0fwj0,56,4
/m/04y0p0,56,4
/m/01wskg,55,4
/m/0jbp0,53,4
/m/0141kz,53,4
/m/0js9s,53,4
/m/02gvwz,53,4
/m/015dnt,52,4
/m/016ggh,52,4
/m/0nqls,51,4
/m/0kw2x,51,4
/m/0svqs,50,4
/m/01ps2h8,50,4
/m/01kwld,49,4
/m/026c0p,49,4
/m/01tsbmv,49,4
/m/0jfx1,48,4
/m/03w8wd,48,4
/m/01rh0w,48,4
/m/0cqdfh,47,4
/m/06mr6,47,4
/m/04hkh6,43,4
/m/0616jw,42,4
/m/0kr5_,41,4
/m/02784z,41,4
/m/01v90t,41,4
/m/017lqp,40,4
/m/042dmm,40,4
/m/07tmfg,40,4
/m/05757k,40,4
/m/06z9m2,40,4
/m/015np0,39,4
/m/0chsq,39,4
/m/01l2fn,39,4
/m/05kd1p,38,4
/m/01fn42,38,4
/m/01w15n,37,4
/m/0f2df,37,4
/m/02mkkx,37,4
/m/0c04_m,36,4
/m/019ylp,36,4
/m/0byfz,36,4
/m/016j68,36,4
/m/04b8l4,35,4
/m/0c2nlb,34,4
/m/037w7r,34,4
/m/02gqcs,34,4
/m/052k68,34,4
/m/03h_9lg,34,4
/m/0131kb,32,4
/m/04yskw,32,4
/m/04w9fp,31,4
/m/025wk91,30,4
/m/04b3_c,30,4
/m/04v4b_,30,4
/m/0332hj,30,4
/m/0151xv,30,4
/m/0c9584,30,4
/m/0cg9f,30,4
/m/02z0myh,29,4
/m/02lq10,29,4
/m/01tmsd,29,4
/m/01pcq3,28,4
/m/04ynfp,28,4
/m/0n8bn,27,4
/m/0739y,27,4
/m/02phts,27,4
/m/07qn8v,27,4
/m/06t25v,27,4
/m/03bpr2,26,4
/m/06gk5c,26,4
/m/02q0zl,26,4
/m/0bh9_5z,26,4
/m/01s54v,26,4
/m/019_1h,25,4
/m/03vt3j,25,4
/m/0fbscz,25,4
/m/0jvn5j,25,4
/m/06mh3c,25,4
/m/02w3kb,25,4
/m/01c2_j,25,4
/m/0m32_,25,4
/m/0lzb8,24,4
/m/057_hl,24,4
/m/0n89b,24,4
/m/0755wz,24,4
/m/078nzb,24,4
/m/09jvds,24,4
/m/01ycbq,24,4
/m/05t09zw,24,4
/m/02pk6x,24,4
/m/01bh6y,24,4
/m/052kb2,24,4
/m/03xk1_,23,4
/m/01k53x,23,4
/m/02k_gj,23,4
/m/012wgv,23,4
/m/03knl,23,4
/m/0g70_,23,4
/m/042ly5,22,4
/m/01vh08,22,4
/m/05kd0n,21,4
/m/02r6t2p,21,4
/m/0bmh4,21,4
/m/0dbs07,21,4
/m/03nvct,21,4
/m/026d77,21,4
/m/014hn6,21,4
/m/05ck5b,21,4
/m/07sd0p,20,4
/m/013qb0,20,4
/m/02_p8v,20,4
/m/08x5z7,19,4
/m/0356dp,19,4
/m/0h0jz,19,4
/m/01fwf1,19,4
/m/0cj2w,18,4
/m/04bgrh,18,4
/m/0dlz8,18,4
/m/027t_d5,18,4
/m/0547zw,18,4
/m/031y07,17,4
/m/04mx92z,17,4
/m/070mz9,17,4
/m/055c8,16,4
/m/0412scr,16,4
/m/07mz77,16,4
/m/0cl6wz,16,4
/m/07k65n0,16,4
/m/04gpf_,16,4
/m/01385g,16,4
/m/0275w3,16,4
/m/03gxb2p,16,4
/m/030vnz,16,4
/m/06rtbb,16,4
/m/02692v7,16,4
/m/012cyp,15,4
/m/05vgxr,15,4
/m/03hhd_,15,4
/m/0883md,15,4
/m/09j7wl,15,4
/m/022g44,15,4
/m/015kt_,15,4
/m/0b_qnm,15,4
/m/03t231,15,4
/m/017khj,15,4
/m/0g_92,14,4
/m/01wp2sc,14,4
/m/01xsbh,13,4
/m/02bfmn,13,4
/m/01t_wfl,13,4
/m/03xz7p,13,4
/m/09c_qb,13,4
/m/04j3q7,13,4
/m/052k79,13,4
/m/05z47p,13,4
/m/0hwqz,13,4
/m/03d2_dv,12,4
/m/017tk3,12,4
/m/023t0b,12,4
/m/06rydb,12,4
/m/0b3y_4,12,4
/m/015vq_,12,4
/m/0gc1mg,12,4
/m/014zxh,12,4
/m/052k4x,12,4
/m/06q_62,12,4
/m/0431hd,12,4
/m/0kw38,12,4
/m/08fyt2,12,4
/m/0327tt,12,4
/m/09z3n2,12,4
/m/0168dy,12,4
/m/06cl2w,12,4
/m/0gl7r4,11,4
/m/016gkf,11,4
/m/01jmv8,11,4
/m/0148m9,10,4
/m/0mbhr,10,4
/m/0dwyd6,10,4
/m/027fdr1,10,4
/m/012s5j,10,4
/m/026z004,10,4
/m/0272ybv,10,4
/m/0147bj,10,4
/m/015ksl,10,4
/m/08cc45,10,4
/m/010xjr,10,4
/m/01wy5m,10,4
/m/02sh8y,9,4
/m/015010,9,4
/m/04jlgp,9,4
/m/0hs7p,9,4
/m/0301bq,9,4
/m/0brj5b,9,4
/m/0d2qb5,9,4
/m/073s36,9,4
/m/037bkh,9,4
/m/080x3z,9,4
/m/015gw6,9,4
/m/07lf6r,9,4
/m/02nwy6,9,4
/m/01ckhj,9,4
/m/05ybf,9,4
/m/02sqrs,9,4
/m/01vr2bp,8,4
/m/0bz2_z,8,4
/m/0bjh_0,8,4
/m/05lbhv,8,4
/m/05bgxg,8,4
/m/06wx37,8,4
/m/029135,8,4
/m/09czy9,8,4
/m/01z7nj,7,4
/m/03k_xc,7,4
/m/02f2p7,7,4
/m/02t_y3,7,4
/m/03_grl,7,4
/m/045wqf,7,4
/m/04qvbv,7,4
/m/02dztn,7,4
/m/02wfyc,7,4
/m/021fg5,7,4
/m/047px77,7,4
/m/01kv2d3,7,4
/m/0d6rht,7,4
/m/096_sn,7,4
/m/04yq00,7,4
/m/02h__m,7,4
/m/0k9j_,7,4
/m/02vnpjg,7,4
/m/012tnf,6,4
/m/03574m,6,4
/m/02cq81,6,4
/m/02fgm7,6,4
/m/09_8r7,6,4
/m/053t24,6,4
/m/01cthg,6,4
/m/0bs8mqg,6,4
/m/03k9k1,6,4
/m/027y5ry,6,4
/m/01q25_l,6,4
/m/0p9qb,6,4
/m/0byrz0,6,4
/m/0gxft5,6,4
/m/022ygm,6,4
/m/0ckpyv,6,4
/m/02xs5v,6,4
/m/0bwf8j,6,4
/m/0f3l3j,6,4
/m/04jnqj,6,4
/m/01q6bg,6,4
/m/0cblmk9,6,4
/m/049xct,6,4
/m/0164r9,6,4
/m/04x_j4,6,4
/m/05ng1h,6,4
/m/0f672t,6,4
/m/013qjp,6,4
/m/04qp1y,6,4
/m/01gy7r,6,4
/m/03p9hl,6,4
/m/0byxck,6,4
/m/0blhn8,6,4
/m/07kftp,6,4
/m/0gdt6g,6,4
/m/06z7q9,6,4
/m/04x93v,6,4
/m/04_xy1,6,4
/m/03cz4fh,6,4
/m/04p19x,6,4
/m/0d533t,6,4
/m/016ynj,6,4
/m/02_ntx,6,4
/m/0hyxh,6,4
/m/0c3b2p,6,4
/m/0gwhqv,6,4
/m/07jznv,6,4
/m/01b1br,6,4
/m/03d5450,6,4
/m/02zl4d,6,4
/m/0kq5r,6,4
/m/05slvm,6,4
/m/03lxrq,6,4
/m/0h1_56,6,4
/m/04q3yn,6,4
/m/01xsc9,6,4
/m/01mqnr,6,4
/m/027qdp7,6,4
/m/0bf5f3,6,4
/m/02my3z,6,4
/m/01rnpy,6,4
/m/03h4d3v,6,4
/m/08zlx1,6,4
/m/03wx8t,6,4
/m/0dv23l,6,4
/m/0djmtr,6,4
/m/0f3kzq,6,4
/m/076dp0,6,4
/m/03d9wk,6,4
/m/0bjlk0,6,4
/m/0cb_9j,6,4
/m/0b_dy,6,4
/m/01hkhq,6,4
/m/02y6kz,5,4
/m/02vlnfk,5,4
/m/04wsd1,5,4
/m/061prz,4,4
/m/02pn6m5,4,4
/m/06lkgm,4,4
/m/027k130,4,4
/m/01py4j,4,4
/m/06mdl4,4,4
/m/07kzcy,4,4
/m/07fhh0,4,4
/m/04v3z_,4,4
/m/026qc06,4,4
/m/04zyfg,4,4
/m/03w35_,4,4
/m/012bkl,4,4
/m/01fwt6,4,4
/m/07s6_5,4,4
/m/0977q,4,4
/m/0fqtm2,4,4
/m/08_wbt,4,4
/m/03d7r65,4,4
/m/057hy_,4,4
/m/01w8jm,3,4
/m/01xq7p,3,4
/m/05nd5p,3,4
/m/06v3sh,3,4
/m/0fr15f,3,4
/m/015d2r,3,4
/m/01pcql,3,4
/m/09d2bq,3,4
/m/027pq1z,3,4
/m/047nz1w,3,4
/m/03slgw,3,4
/m/0cc5kt0,3,4
/m/05myc_k,3,4
/m/025z0fl,3,4
/m/06lkjp,3,4
/m/0fh1qn,3,4
/m/01t2sk,3,4
/m/0mj1l,3,4
/m/07l_8f,3,4
/m/01tjc9,3,4
/m/02pgnn_,3,4
/m/015gx1,3,4
/m/02psd2d,3,4
/m/04p2qf,3,4
/m/0333wf,3,4
/m/01l7qw,3,4
/m/027t6z1,3,4
/m/06w7z5,3,4
/m/0gdqnf,3,4
/m/08996y,3,4
/m/0f3l5m,3,4
/m/0mhzd,3,4
/m/0262zkg,3,4
/m/0cspqw,3,4
/m/016gj9,3,4
/m/0ksjjy,3,4
/m/0346xp,3,4
/m/020c55,3,4
/m/02w01x5,3,4
/m/06my04,3,4
/m/012j9q,3,4
/m/074r2y,3,4
/m/02k6rq,3,4
/m/0809gxv,3,4
/m/05mxcl1,3,4
/m/07s_tj,3,4
/m/0bvd6v5,3,4
/m/02wvxvl,3,4
/m/03c5bz,3,4
/m/074g0v,3,4
/m/03rnz7,3,4
/m/02kfm5,3,4
/m/03n6nb,3,4
/m/03bvgc,3,4
/m/027y1zx,3,4
/m/0812r,3,4
/m/01388c,3,4
/m/079qsz,3,4
/m/0g476,3,4
/m/0263m22,3,4
/m/05b31qx,3,4
/m/0h4d_6,3,4
/m/0bh9gnm,3,4
/m/0781fc,3,4
/m/01_gty,3,4
/m/030b93,3,4
/m/03d2_v7,3,4
/m/07hynv,3,4
/m/0847t1,3,4
/m/064mvm3,3,4
/m/0bxj87q,3,4
/m/06_xf8,3,4
/m/03n4z,3,4
/m/04cl1,3,4
/m/0bmh2xj,3,4
/m/093hly,3,4
/m/04jbs64,3,4
/m/03mh0b,3,4
/m/04_51c,3,4
/m/0f_wwf,3,4
/m/03fvqg,3,4
/m/05nyj9c,3,4
/m/03ycnfv,3,4
/m/07khz75,3,4
/m/0289v04,3,4
/m/05hpws,3,4
/m/02htfz,3,4
/m/07bfhp,3,4
/m/0k0q45,3,4
/m/075smyb,3,4
/m/0dztlx,3,4
/m/09v7ngg,3,4
/m/02l6dy,3,4
/m/05b3lc,3,4
/m/0fcc2q,3,4
/m/043mbjt,3,4
/m/09rvgz1,3,4
/m/02j9lm,3,4
/m/08dt95,3,4
/m/0m40r,3,4
/m/0d8vk,3,4
/m/026q71b,3,4
/m/064l6hd,3,4
/m/0271cm0,3,4
/m/02q_935,3,4
/m/03qpwl,3,4
/m/05cw7r,3,4
/m/0dgrhz5,3,4
/m/05kp08,3,4
/m/0dk2gr,3,4
/m/026q8v1,3,4
/m/05q1gn,3,4
/m/0bwm5_n,3,4
/m/01fn_2,3,4
/m/07q83_,3,4
/m/013t2l,3,4
/m/038115,3,4
/m/0cmb_vb,3,4
/m/0lf9j,3,4
/m/018qn8,3,4
/m/0bvs9n,3,4
/m/0f7glr,3,4
/m/0c_gcr,3,4
/m/01201_,3,4
/m/05yyyz,3,4
/m/03rp12,3,4
/m/02v_6qy,3,4
/m/02qfsj8,3,4
/m/0d_n28,3,4
/m/015dlv,3,4
/m/02mkjr,3,4
/m/07b4s0,3,4
/m/074q_g,3,4
/m/07c4pv,3,4
/m/05zr3xm,3,4
/m/05q6zs,3,4
/m/0bnp410,3,4
/m/0586lk,3,4
/m/0bwd6c,3,4
/m/01p8d9,3,4
/m/08_438,3,4
/m/0294fd,3,4
/m/0219q,3,4
/m/0263jvj,3,4
/m/06t0c5,3,4
/m/026lhy0,3,4
/m/079drj,3,4
/m/0ht9x,3,4
/m/03khbz,3,4
/m/08_rjc,3,4
/m/09d8dm,3,4
/m/0c057h,3,4
/m/05q78p,3,4
/m/06kzzm,3,4
/m/01q6zh,3,4
/m/033cj_,3,4
/m/02qjygb,3,4
/m/04vf83,3,4
/m/0gc1dyc,3,4
/m/02trr_,3,4
/m/049t4g,3,4
/m/04g81j,3,4
/m/012jbv,3,4
/m/02gylv,3,4
/m/0cbmt0,3,4
/m/0ckq6w,3,4
/m/01wxyx1,3,4
/m/0dw99y,3,4
/m/04gq7vn,3,4
/m/027fty2,3,4
/m/0c6bdl,3,4
/m/04xbhp,3,4
/m/0gx_p,3,4
/m/0499t3,3,4
/m/01n_q5p,3,4
/m/08j3wq,3,4
/m/0h2fc_,3,4
/m/03h623f,3,4
/m/0h74dy,3,4
/m/02_q_m,3,4
/m/01tj5w,3,4
/m/02qtr4d,3,4
/m/018v_q,3,4
/m/07k84c,3,4
/m/03crmd,3,4
/m/02w6kh9,3,4
/m/04yptr,3,4
/m/024n3z,3,4
/m/01x72k,3,4
/m/0ksxpx,3,4
/m/0cfcb_,3,4
/m/061153,3,4
/m/0750jn,3,4
/m/02qyp1n,3,4
/m/073g89,3,4
/m/0184jc,3,4
/m/0cl2fr,3,4
/m/03v1sp,3,4
/m/07t2tm,3,4
/m/01vrnjt,3,4
/m/0b39c3,3,4
/m/071wvh,1188,5
/m/09tqx3,845,5
/m/0dfjb8,679,5
/m/02rzmzk,505,5
/m/05nqq3,479,5
/m/084g7n,457,5
/m/0d8cr0,455,5
/m/02qnyr7,453,5
/m/02qvhbb,423,5
/m/02ql_ms,415,5
/m/01x2tm8,393,5
/m/047s_cr,376,5
/m/02wmbg,360,5
/m/07_bv_,359,5
/m/0gp8sg,359,5
/m/0627zr,316,5
/m/03chxc3,315,5
/m/03c6hwt,303,5
/m/01gkm5,299,5
/m/0fr7nt,297,5
/m/03chx58,297,5
/m/02xfrd,276,5
/m/01gj8_,274,5
/m/06zmg7m,271,5
/m/03hz1n,254,5
/m/0gp_s5,254,5
/m/025xz3q,248,5
/m/03qp49p,248,5
/m/04cdxc,243,5
/m/09_2gj,234,5
/m/05nqnp,231,5
/m/09jttq,229,5
/m/0gt8fp,227,5
/m/02vn3cv,224,5
/m/09ld6g,220,5
/m/0cd6_9,218,5
/m/0gp_x9,210,5
/m/09k7zf,205,5
/m/06xcd_,198,5
/m/0gbxgss,195,5
/m/02qtsq_,194,5
/m/046rfv,188,5
/m/09g7lgd,187,5
/m/0h1myb,184,5
/m/04v7k2,181,5
/m/0cdrb9,174,5
/m/0d8fv4,156,5
/m/0b6h1nn,147,5
/m/026vd2q,145,5
/m/04yfkhb,145,5
/m/05kfc1,143,5
/m/02dk8v,140,5
/m/0krs4m,138,5
/m/027r_2g,135,5
/m/06c53w,135,5
/m/04cdsl,132,5
/m/026xrkg,132,5
/m/09t6j_,131,5
/m/04cmrt,131,5
/m/03mghw3,130,5
/m/0kst7v,124,5
/m/09r_wb,123,5
/m/03mdv9l,123,5
/m/04n24yj,119,5
/m/09k3dk,118,5
/m/03nr4s4,118,5
/m/05vzql,118,5
/m/0crjsp,114,5
/m/08vxk5,113,5
/m/0gby81r,112,5
/m/026sv5l,110,5
/m/06pwf6,109,5
/m/0gbymjy,106,5
/m/0fb_fx,106,5
/m/0j1_07z,105,5
/m/09gjd32,104,5
/m/04cw5sb,103,5
/m/0gp_tx,103,5
/m/0gxv6n,103,5
/m/0gby6v4,102,5
/m/0c18m7,102,5
/m/0bchj6,102,5
/m/0brddh,99,5
/m/0270lg_,97,5
/m/0gc01m4,96,5
/m/08s0m7,94,5
/m/054_hxv,94,5
/m/08cd4j,93,5
/m/0bby5f,92,5
/m/026grpg,91,5
/m/0gbx2ft,91,5
/m/09kt30,89,5
/m/0b6l_q0,88,5
/m/09_2w4,86,5
/m/0gc3vr0,85,5
/m/04ygybk,82,5
/m/0bcggl,82,5
/m/025t2jh,81,5
/m/05yhh7,80,5
/m/026plzz,78,5
/m/025xfy6,78,5
/m/047g4s0,78,5
/m/0c18z0,77,5
/m/026nvc0,77,5
/m/060s9n,76,5
/m/0577fgf,75,5
/m/04y8rc_,75,5
/m/03y1nsv,74,5
/m/0dkg1g,72,5
/m/0gqxyl,71,5
/m/0brd1d,71,5
/m/025t_m7,69,5
/m/05l1x8,69,5
/m/06h_cf,69,5
/m/026962k,67,5
/m/026cxyt,67,5
/m/03m9jgp,67,5
/m/04yg8ln,65,5
/m/0gxvjg,65,5
/m/05b1219,65,5
/m/04ydm1p,64,5
/m/04jl7nt,63,5
/m/0hh3qc9,63,5
/m/05mgpn,62,5
/m/04f5d4c,62,5
/m/065y5qr,60,5
/m/0c18ht,60,5
/m/07t5b3,59,5
/m/0dxfcqz,58,5
/m/03g_263,56,5
/m/02qmpkk,56,5
/m/063_8nm,55,5
/m/025tcjg,55,5
/m/0gdl862,55,5
/m/04y6c5h,55,5
/m/0d8c6k,54,5
/m/0c03nv,54,5
/m/04ygpmd,53,5
/m/04cdkf,53,5
/m/0jt307,53,5
/m/02qd70z,52,5
/m/02qmph4,52,5
/m/02qqs2_,51,5
/m/05b5fqc,51,5
/m/0fdp18,51,5
/m/0dv47r,50,5
/m/04gnc4q,50,5
/m/04yh931,49,5
/m/07hzpc,48,5
/m/07kf51l,48,5
/m/090gs4,47,5
/m/084z0w,47,5
/m/04ydts7,47,5
/m/05q7wpp,47,5
/m/0464g_t,47,5
/m/0fkt5m,46,5
/m/0537mz2,46,5
/m/040785s,45,5
/m/0b66qd,45,5
/m/0h63npp,44,5
/m/0g1tyv,44,5
/m/0gbx0xx,44,5
/m/026kptc,44,5
/m/0b75q4d,42,5
/m/0267rkd,41,5
/m/02qq4h5,41,5
/m/026jh7s,41,5
/m/0dm2p6,41,5
/m/0593ll,40,5
/m/0282jcy,39,5
/m/08mdtm,39,5
/m/027gds6,39,5
/m/09gkv4j,39,5
/m/03nr1ky,39,5
/m/0dlm6x0,38,5
/m/0jth_3,38,5
/m/04633h4,38,5
/m/0522m32,38,5
/m/027cxm3,38,5
/m/043p3m2,38,5
/m/0273q5l,37,5
/m/025yr7g,37,5
/m/0252wd,37,5
/m/025xz2b,36,5
/m/02vd_b,36,5
/m/04m_z60,35,5
/m/0cmn9c,35,5
/m/01gfzf,35,5
/m/026p2nk,35,5
/m/02w30x4,34,5
/m/0fqn1t5,34,5
/m/069nv4,33,5
/m/0k0zjt,32,5
/m/06t5x_,32,5
/m/0bmc358,32,5
/m/09gjc1g,31,5
/m/027vp38,31,5
/m/04645zm,31,5
/m/03np5_z,31,5
/m/02qnbxw,31,5
/m/0glr73,30,5
/m/05zr6lq,30,5
/m/06zp02,30,5
/m/0ddvxr,30,5
/m/02vy1v1,29,5
/m/0cd70d,29,5
/m/02rztxq,29,5
/m/03h654p,29,5
/m/04y8lps,29,5
/m/0gpb_1,29,5
/m/0gc998j,28,5
/m/03nr1ym,28,5
/m/0gbykrf,28,5
/m/02qrtbn,27,5
/m/0264vwb,27,5
/m/02650q9,27,5
/m/08mr3p,26,5
/m/0gwzhr6,26,5
/m/09rvdzt,26,5
/m/0cmbrn1,26,5
/m/02679cm,26,5
/m/0cfxd5,26,5
/m/0fks1z,26,5
/m/0czmj0,25,5
/m/06_gn3,25,5
/m/0fpnd7,25,5
/m/0h0hhq,25,5
/m/0d5g94,25,5
/m/0h0db9,25,5
/m/04fn91,24,5
/m/0gbznxb,24,5
/m/0gbx9mj,24,5
/m/026plz8,23,5
/m/04mxlwb,23,5
/m/07k8j7j,23,5
/m/0brdlb,23,5
/m/03gv23r,22,5
/m/025xz63,22,5
/m/026jf5d,22,5
/m/0ctb6j,22,5
/m/09gbs5p,22,5
/m/0gcyxg,22,5
/m/09t6r9,21,5
/m/02rwph8,21,5
/m/0cd6xg,21,5
/m/04my_7r,21,5
/m/026hd4g,21,5
/m/0jqb2rf,21,5
/m/0bj640,21,5
/m/027q7ss,20,5
/m/088wb9,19,5
/m/09k3zs,19,5
/m/0j46lfy,19,5
/m/02vlsgw,19,5
/m/0dr_2h2,19,5
/m/0f2hjq,18,5
/m/0gc8dmq,18,5
/m/02rylh6,18,5
/m/02q750h,18,5
/m/0gbypft,18,5
/m/02632qd,17,5
/m/04ykw4,17,5
/m/07kf92v,17,5
/m/09jn9t,17,5
/m/02r74r9,17,5
/m/0bh74l5,17,5
/m/025xy_l,16,5
/m/0gc2xf9,16,5
/m/0gmbnhf,16,5
/m/07f4g_,15,5
/m/02kgy2,15,5
/m/0bmckwz,15,5
/m/0gbztt_,15,5
/m/04g0yqj,15,5
/m/0bbvc7_,15,5
/m/0hgzhr1,15,5
/m/0b550c,14,5
/m/05b3gpy,14,5
/m/0c392k,14,5
/m/026pmjj,14,5
/m/066027w,14,5
/m/02672dp,14,5
/m/0gbyybw,14,5
/m/0gc2vyq,14,5
/m/0ff0rq,13,5
/m/0gc7xbl,13,5
/m/027czg7,13,5
/m/0fpp9d,13,5
/m/0cp1n0s,13,5
/m/02w85g8,12,5
/m/0gcmbjq,12,5
/m/04q9vbh,12,5
/m/0gdkvfn,12,5
/m/0ffgks,11,5
/m/0523j0d,11,5
/m/076vyjv,10,5
/m/0hhr6ml,10,5
/m/03ydbdk,10,5
/m/05z48f,10,5
/m/047dxsn,10,5
/m/0gc2plc,10,5
/m/09g6lvd,10,5
/m/026m_gk,10,5
/m/0f0djh,10,5
/m/077215,10,5
/m/025s4hp,9,5
/m/0hh8dlf,9,5
/m/027czgl,9,5
/m/03cldd4,9,5
/m/02prw88,9,5
/m/04m_1zf,9,5
/m/02rwjfz,9,5
/m/0j1_5ln,9,5
/m/04bfn2,9,5
/m/0gpbx_,9,5
/m/080kws4,9,5
/m/02rr042,9,5
/m/03c72bb,9,5
/m/025xyzk,8,5
/m/04n6bks,7,5
/m/09gp_yb,7,5
/m/0bs0r3b,7,5
/m/04q99c7,7,5
/m/0hh1ckr,7,5
/m/0gdk5j0,7,5
/m/04f160h,7,5
/m/03mdbl2,7,5
/m/0c3zvw9,7,5
/m/0gc09q6,7,5
/m/0bs788k,7,5
/m/0gm1tmt,7,5
/m/0g3dq2,7,5
/m/02rtlm3,7,5
/m/03hkp94,6,5
/m/04668h2,6,5
/m/03cld9d,6,5
/m/09gk3j5,6,5
/m/025tdwc,6,5
/m/03m9h0m,6,5
/m/0ghmnt,6,5
/m/047f036,6,5
/m/0c65tr,6,5
/m/025tcx3,6,5
/m/0cp3zq,6,5
/m/09gkxg6,6,5
/m/04gq5mw,6,5
/m/0h3pvwm,6,5
/m/0fd1cb,6,5
/m/0gdknq0,6,5
/m/0fr0zv,6,5
/m/04gtnv_,6,5
/m/0k7lj3,6,5
/m/07kj3f9,6,5
/m/0gb_zn9,6,5
/m/09xyc1,6,5
/m/0gb_rdh,6,5
/m/0h1sgs,6,5
/m/0fdr9z,6,5
/m/05s_wsx,6,5
/m/0gbx4t3,6,5
/m/026l137,5,5
/m/0dj2nnb,5,5
/m/09v2zrt,5,5
/m/064kddk,5,5
/m/03c_sm3,4,5
/m/0gc2m9m,4,5
/m/0gc669x,4,5
/m/0jtmb7,4,5
/m/051zyst,4,5
/m/0k13cs,4,5
/m/0gmg329,4,5
/m/08079sq,4,5
/m/0bmfc5d,4,5
/m/017n2g,4,5
/m/061qtz,4,5
/m/04n3wnz,4,5
/m/0gc55m9,4,5
/m/02qnywq,3,5
/m/0g83_v,3,5
/m/0bbz0rv,3,5
/m/05szmb6,3,5
/m/0b6w17,3,5
/m/027g6xh,3,5
/m/0ds6bt5,3,5
/m/03cnp_j,3,5
/m/026bp86,3,5
/m/0k39_f,3,5
/m/0bmf18d,3,5
/m/0ddcnz4,3,5
/m/0bhbr1q,3,5
/m/0gby0_k,3,5
/m/09ggz74,3,5
/m/026g7t5,3,5
/m/02vnm31,3,5
/m/09g6wpy,3,5
/m/0gbwmxp,3,5
/m/0h970l2,3,5
/m/0gc6dht,3,5
/m/06w4wmq,3,5
/m/04gv1tt,3,5
/m/08fcp1,3,5
/m/0gq1rt,3,5
/m/0463_8t,3,5
/m/0gcxztd,3,5
/m/04y88mr,3,5
/m/0b7rp4y,3,5
/m/0gc49tb,3,5
/m/076ymtg,3,5
/m/0hh67yp,3,5
/m/0272t_k,3,5
/m/04y6w8q,3,5
/m/0gbxhwt,3,5
/m/05w8bb,3,5
/m/0gpbyp,3,5
/m/0fpgtz_,3,5
/m/02rvhtj,3,5
/m/02rtkn4,3,5
/m/07k8dj_,3,5
/m/0gc950n,3,5
/m/025zfdz,3,5
/m/0807ht1,3,5
/m/0264c2c,3,5
/m/03hllvw,3,5
/m/04cmyj,3,5
/m/05zzghk,3,5
/m/0k7s08,3,5
/m/080hxfv,3,5
/m/0hh5tm8,3,5
/m/0263_3w,3,5
/m/0d80tn,3,5
/m/0gbmc95,3,5
/m/0h3lj2t,3,5
/m/0br_7d6,3,5
/m/02780sm,3,5
/m/0gc6glh,3,5
/m/0drzy1s,3,5
/m/03cb4xf,3,5
/m/04m_m5b,3,5
/m/0284pr_,3,5
/m/04n3yb7,3,5
/m/02q__s8,3,5
/m/0hhft5k,3,5
/m/0pkr1,179,6
/m/012d40,173,6
/m/065d1h,162,6
/m/04jb97,155,6
/m/01t2h2,118,6
/m/0cc32s,109,6
/m/04yfjx,105,6
/m/026675_,104,6
/m/04ry64,95,6
/m/02nrln,95,6
/m/0139q5,88,6
/m/01f873,86,6
/m/0ks107,77,6
/m/07ftc0,70,6
/m/05f9x5,68,6
/m/02mz_6,63,6
/m/02wk4d,60,6
/m/09cy9j,60,6
/m/06d_3_,58,6
/m/04333s,56,6
/m/06vz5f,56,6
/m/059q0p,55,6
/m/01d1yr,53,6
/m/079hyb,51,6
/m/02q2m9p,51,6
/m/09pskv,51,6
/m/03r2sj,50,6
/m/09rxc2c,49,6
/m/0m9v7,47,6
/m/0k353d,46,6
/m/02qs1xk,45,6
/m/06srhs,44,6
/m/01qgbxt,44,6
/m/02r2y4w,44,6
/m/054k_8,43,6
/m/03hllnb,43,6
/m/038ncy,41,6
/m/075t7s,40,6
/m/0279118,39,6
/m/0dx_gl,37,6
/m/070wmt,36,6
/m/068jlm,34,6
/m/0265gps,34,6
/m/05q8thn,33,6
/m/0451j,32,6
/m/04vpq2,32,6
/m/0g9bfgt,30,6
/m/05dp9m,30,6
/m/09wn3y,28,6
/m/063nxp,28,6
/m/0gcv8g,28,6
/m/04tndx,27,6
/m/06t827,27,6
/m/0bz6wt0,26,6
/m/083q_s,26,6
/m/04ghd8,26,6
/m/05mgdf,26,6
/m/0jsnwy,25,6
/m/03cp9fl,25,6
/m/0cdnh5,25,6
/m/0gby6q8,24,6
/m/02rhjnk,24,6
/m/05szr8b,24,6
/m/09f57q,23,6
/m/0bz6wsr,23,6
/m/05p0sty,23,6
/m/0gc_bfh,22,6
/m/04vpxc,22,6
/m/0261mm1,22,6
/m/06vh34,22,6
/m/0d2z80,21,6
/m/027xl2v,21,6
/m/0jbb154,21,6
/m/012ykt,20,6
/m/01pww7v,19,6
/m/02ps5kj,19,6
/m/02r36fq,18,6
/m/04kb1b,18,6
/m/0g9fbg5,18,6
/m/06w496h,18,6
/m/02r1_j2,18,6
/m/04jbbb7,18,6
/m/0644w3,18,6
/m/01vkwh,16,6
/m/08lp87,16,6
/m/04n_v6,16,6
/m/05s_153,15,6
/m/0278fjv,15,6
/m/0gc106j,15,6
/m/03ck7kq,15,6
/m/0270t25,15,6
/m/07wwq2,15,6
/m/01qjjnh,14,6
/m/0k3530,14,6
/m/047phjy,14,6
/m/0b4_3m,14,6
/m/04pk7b,14,6
/m/04qz5l,14,6
/m/06vdqd,14,6
/m/038n8v,13,6
/m/0c4qcmz,13,6
/m/05f60cw,13,6
/m/0gbwsqd,13,6
/m/026qk9,13,6
/m/049j7d,13,6
/m/0gdmdm,13,6
/m/0g4why0,13,6
/m/097t_x,12,6
/m/01n5t63,12,6
/m/07tglpw,12,6
/m/0139t1,12,6
/m/02156l,12,6
/m/02wk8g,12,6
/m/060sx4,12,6
/m/0g9bffz,12,6
/m/0g9fbhr,11,6
/m/0270tt7,11,6
/m/02qv9l2,11,6
/m/0fxsg9,11,6
/m/0ccf2q,11,6
/m/07ysvg,11,6
/m/047dght,11,6
/m/0285ybs,10,6
/m/01hr26,10,6
/m/01t_54y,10,6
/m/03gybz_,10,6
/m/0c9znq,10,6
/m/0bm8z2h,10,6
/m/0dzsqb,10,6
/m/0dxg0wd,10,6
/m/02r1zgd,10,6
/m/0fppb0y,10,6
/m/08cfpp,10,6
/m/03byjgh,10,6
/m/05_dcr,10,6
/m/07tgln9,9,6
/m/03y7rnn,9,6
/m/08986q,9,6
/m/099d4,9,6
/m/0g2kp2,9,6
/m/03c7gfd,9,6
/m/01t2f5,9,6
/m/0gcctjw,9,6
/m/0k47wj,9,6
/m/064nh_q,9,6
/m/0gc11h1,9,6
/m/0gcgvfj,9,6
/m/0bnnr3v,9,6
/m/0h0js6,9,6
/m/01qbdtj,9,6
/m/0j1wbzp,9,6
/m/0j_mf8,9,6
/m/0416zpw,9,6
/m/027l0yg,8,6
/m/0gk05n,8,6
/m/06sn4q,8,6
/m/020m4x,8,6
/m/01p9ygs,8,6
/m/0546r1,8,6
/m/08rd9l,7,6
/m/06tv06,7,6
/m/0jvx1b,7,6
/m/0506z9,7,6
/m/07xq51,7,6
/m/06w53kk,7,6
/m/0h2nvw4,7,6
/m/03cy3b2,7,6
/m/0fwb16,7,6
/m/05z68y,7,6
/m/025bjq,7,6
/m/063_kcc,7,6
/m/0465hd_,7,6
/m/03g4ck,6,6
/m/047dh64,6,6
/m/04c_bk,6,6
/m/0fgyyy,6,6
/m/07tynm,6,6
/m/0c5d0b,6,6
/m/03gqpqy,6,6
/m/071cqy,6,6
/m/0jlv5,6,6
/m/0d7r2lr,6,6
/m/0gc4_cg,6,6
/m/0275ds,6,6
/m/0gdk6bq,6,6
/m/099m4y,6,6
/m/0jwl7kl,6,6
/m/027790s,6,6
/m/02vmrkr,6,6
/m/089dl1,6,6
/m/08zd4j,6,6
/m/0jj736f,6,6
/m/0gch64x,6,6
/m/0j_wqj,6,6
/m/027t7fw,6,6
/m/04n5ffj,6,6
/m/0gdkvm8,6,6
/m/0gcd38j,6,6
/m/0gbly77,6,6
/m/0g9fbhd,6,6
/m/04q6gj2,6,6
/m/09fv6m,6,6
/m/0flxbw,5,6
/m/02hz8h,5,6
/m/09y6_h,5,6
/m/0cs1q9,4,6
/m/05p8rrc,4,6
/m/04_056,4,6
/m/01v2z8c,4,6
/m/06w9nm4,4,6
/m/04r8g7,4,6
/m/04mk75w,4,6
/m/05wh0s,4,6
/m/0gc2_6p,3,6
/m/05rt_j,3,6
/m/0c5ck3,3,6
/m/0gc2xfk,3,6
/m/027vrp2,3,6
/m/0gdkfmk,3,6
/m/0bj5xcf,3,6
/m/063ym62,3,6
/m/0279l5j,3,6
/m/02z8zdz,3,6
/m/01vxg6p,3,6
/m/042rnl,3,6
/m/0g98ymq,3,6
/m/0k4g5f,3,6
/m/09gf0bf,3,6
/m/08gb_n,3,6
/m/0d7r2kv,3,6
/m/051vw2,3,6
/m/0gcv1y,3,6
/m/0gc174m,3,6
/m/01r1jx,3,6
/m/0268ng7,3,6
/m/0gpj8c,3,6
/m/0c4qcp4,3,6
/m/02r31wf,3,6
/m/0gc5zgy,3,6
/m/02wkfc,3,6
/m/03cgmz2,3,6
/m/0gc12dq,3,6
/m/0dymvp,3,6
/m/020zlf,3,6
/m/0g552rh,3,6
/m/0jthsxj,3,6
/m/0f69fc,3,6
/m/02px0q7,3,6
/m/07ftrr,3,6
/m/09qy40,3,6
/m/0gbw_g8,3,6
/m/03gqlzb,3,6
/m/05szq11,3,6
/m/03c2lw0,3,6
/m/0gc25ss,3,6
/m/0267b86,3,6
/m/0bvc4pd,3,6
/m/064qbs2,3,6
/m/05v3w98,3,6
/m/04z_8x,3,6
/m/0dcfnz,3,6
/m/0640rfm,3,6
/m/0d7rr76,3,6
/m/0d2810f,3,6
/m/02pw0yk,3,6
/m/0bnnr31,3,6
/m/0k47wq,3,6
/m/0k47wb,3,6
/m/0bqs51b,3,6
/m/0jsy14,3,6
/m/02z1tc1,3,6
/m/04rfng,3,6
/m/08rd51,3,6
/m/03yrbz,3,6
/m/02gf_l,673,7
/m/031c2r,364,7
/m/04mlh8,333,7
/m/02_p5w,277,7
/m/0sw6y,256,7
/m/0c5vh,216,7
/m/01tszq,192,7
/m/01r4bps,178,7
/m/01lly5,172,7
/m/024my5,165,7
/m/0725ny,128,7
/m/03vpf_,119,7
/m/06b4wb,109,7
/m/02wrhj,106,7
/m/03dn9v,103,7
/m/04hxyv,102,7
/m/044xpb,98,7
/m/083wr9,96,7
/m/06nsb9,92,7
/m/0582cf,91,7
/m/01nd6v,86,7
/m/02hblj,86,7
/m/01rrwf6,83,7
/m/032y6l,82,7
/m/01tpl1p,80,7
/m/04lg9r,79,7
/m/019803,76,7
/m/022s1m,75,7
/m/0g8j4s,74,7
/m/099f51,74,7
/m/029cpw,72,7
/m/05rtpn,69,7
/m/0b58g8,69,7
/m/01v3vp,67,7
/m/01b3bp,65,7
/m/04xhwn,64,7
/m/06f_qn,64,7
/m/048z11,60,7
/m/062w4b,58,7
/m/01yh3y,56,7
/m/04shg6,55,7
/m/0154d7,54,7
/m/03dbww,53,7
/m/01x0sy,53,7
/m/0k6q3x,52,7
/m/01mv_n,51,7
/m/03llf8,49,7
/m/07rzf,49,7
/m/0490sl,48,7
/m/0djtky,48,7
/m/035vrb,47,7
/m/04n81k,47,7
/m/030x48,47,7
/m/0223g8,46,7
/m/03rvfw,46,7
/m/08g3q5,46,7
/m/08jtv5,45,7
/m/01_rh4,45,7
/m/03lpd0,44,7
/m/0f13b,43,7
/m/06nd8c,42,7
/m/03k1vm,42,7
/m/01prm3,41,7
/m/01tt94,40,7
/m/01d_4t,39,7
/m/084m3,38,7
/m/06czxq,38,7
/m/012gl8,38,7
/m/08m_kw,37,7
/m/03hzfdp,37,7
/m/06z3z1,36,7
/m/0k464,36,7
/m/02795d6,35,7
/m/0943ms,35,7
/m/034rd9,34,7
/m/03dnk1,34,7
/m/0g8k0r,33,7
/m/069z_5,33,7
/m/032642,33,7
/m/02795xq,33,7
/m/01n7qlf,32,7
/m/09w9b2,32,7
/m/04wtkf,32,7
/m/065mm1,32,7
/m/0935jw,31,7
/m/0dnlnj,31,7
/m/0ccqd7,31,7
/m/057_yx,31,7
/m/02y0yt,30,7
/m/05pbf4,30,7
/m/032zg9,29,7
/m/0phh6,29,7
/m/05yqj3,29,7
/m/03c9xhm,29,7
/m/05dncj,28,7
/m/01f4sz,28,7
/m/0331m0,28,7
/m/06nsdw,27,7
/m/0ckmn6,27,7
/m/09mf1p,27,7
/m/037pnm,27,7
/m/01l1b90,27,7
/m/04jcs1q,27,7
/m/08fljt,27,7
/m/03c10gy,27,7
/m/04w391,27,7
/m/034fqp,27,7
/m/01hkg9,26,7
/m/05snhm,26,7
/m/0275n8r,26,7
/m/01v3w2,25,7
/m/0253b6,25,7
/m/035cl3,24,7
/m/06w82s,24,7
/m/01l1t4,24,7
/m/05l2v0,24,7
/m/01lmk9k,24,7
/m/0gvt3j,24,7
/m/02mv9b,23,7
/m/05zm1c5,22,7
/m/0d6y_z,22,7
/m/0678gl,21,7
/m/0glmv,21,7
/m/06kr78,21,7
/m/081nh,20,7
/m/027r0_f,20,7
/m/05zd_3,19,7
/m/02_pt1,19,7
/m/0grrpl,18,7
/m/0cxkpg,18,7
/m/06_tgy,18,7
/m/05rpst,17,7
/m/031sz2,17,7
/m/035b0x,17,7
/m/03wy70,16,7
/m/01rcmg,16,7
/m/0sw62,15,7
/m/03c5f1,15,7
/m/02sjf5,15,7
/m/041vt_,15,7
/m/054_js,15,7
/m/08h6_y,15,7
/m/0227tr,15,7
/m/02_p82,14,7
/m/04crlp_,14,7
/m/08q9qj,14,7
/m/02drz5,13,7
/m/0k6q42,13,7
/m/056fjf,13,7
/m/01n1gc,13,7
/m/0jnb0,12,7
/m/03nkts,12,7
/m/03qhwvw,12,7
/m/043953,12,7
/m/022z1v,12,7
/m/02g3mn,12,7
/m/0591ym,11,7
/m/0591x6,11,7
/m/03c70jm,11,7
/m/01sbhvd,10,7
/m/0g2lq,10,7
/m/0hbs2l_,10,7
/m/0d50kx,10,7
/m/06k3dk,10,7
/m/03wbb8,10,7
/m/030985,10,7
/m/0bt85b,9,7
/m/077cy1,9,7
/m/0309lm,9,7
/m/0ckr4p,9,7
/m/01nzz8,9,7
/m/09f_km,9,7
/m/0cc78ry,9,7
/m/05dyjh,9,7
/m/01_wvf,9,7
/m/03q91d,9,7
/m/0fhksq,9,7
/m/01trf3,9,7
/m/05zk7j,9,7
/m/05zsf4y,9,7
/m/02k4b2,9,7
/m/0729v2,9,7
/m/0gbv4k,9,7
/m/04z_z64,8,7
/m/063k0_,8,7
/m/0270dsb,8,7
/m/08l0ry,8,7
/m/03c9w6b,7,7
/m/03m4wnd,7,7
/m/0f466x,7,7
/m/05438b,7,7
/m/05mn1n,7,7
/m/02tkzn,7,7
/m/025hmw,7,7
/m/028b5r6,7,7
/m/03_s6q,6,7
/m/05lx42,6,7
/m/06w8d18,6,7
/m/02rknb,6,7
/m/09xfdy,6,7
/m/072lhx,6,7
/m/014936,6,7
/m/0fg48c,6,7
/m/0206dh,6,7
/m/02x71nc,6,7
/m/08txvj,6,7
/m/01kws3,6,7
/m/0dszr0,6,7
/m/03f3z50,6,7
/m/0bqdvt,6,7
/m/02bylc,6,7
/m/05v_2m,6,7
/m/031y89,6,7
/m/0f14q,6,7
/m/04g2q_z,6,7
/m/03mstc,6,7
/m/02qdycb,4,7
/m/0f45hp,4,7
/m/01_wwn,4,7
/m/03xm_mc,4,7
/m/01vj88,4,7
/m/09yf16,4,7
/m/07g60h,4,7
/m/08k3s9,4,7
/m/07r1h,4,7
/m/036gdw,4,7
/m/0c5g97,4,7
/m/068wy5,3,7
/m/06g1j6,3,7
/m/02dcpn,3,7
/m/09jwgh9,3,7
/m/08db9bn,3,7
/m/035g8y,3,7
/m/04_g97,3,7
/m/012_53,3,7
/m/03yjb_,3,7
/m/0l_dv,3,7
/m/0jt_7c,3,7
/m/07l4yc,3,7
/m/01q5sd4,3,7
/m/05xh50,3,7
/m/03wfksz,3,7
/m/05tkfc,3,7
/m/06kzfx,3,7
/m/053gn_,3,7
/m/025mb_,3,7
/m/09ryb3,3,7
/m/03f4v84,3,7
/m/015b67,3,7
/m/0dmvlq,3,7
/m/0hyn33l,3,7
/m/05zhln,3,7
/m/0523cy,3,7
/m/02bwjv,3,7
/m/035gjq,3,7
/m/04nkq6q,3,7
/m/01s9ftn,3,7
/m/04393b,3,7
/m/04tpng,3,7
/m/01vbzny,3,7
/m/02cbcl,3,7
/m/0dkrrz,3,7
/m/04gq45_,3,7
/m/027d57n,3,7
/m/0g2mjw,3,7
/m/03kbb8,3,7
/m/03cdzsc,3,7
/m/08xh60,3,7
/m/09t254,3,7
/m/0333l4,3,7
/m/01jw0h,3,7
/m/094rb6,3,7
/m/041c4,90,8
/m/01xllf,85,8
/m/02rgfqf,85,8
/m/039v4h,81,8
/m/029k55,80,8
/m/0436kgz,71,8
/m/0p__8,66,8
/m/0f7hc,55,8
/m/02pcv2c,53,8
/m/04yt7,51,8
/m/0bksh,49,8
/m/01vw26l,48,8
/m/02lhm2,46,8
/m/02rslg3,45,8
/m/016_mj,45,8
/m/03k48_,44,8
/m/0dpqk,43,8
/m/03hh_yz,43,8
/m/03dq9,41,8
/m/0dn44,40,8
/m/01j7z7,38,8
/m/03pmzt,37,8
/m/07h5d,36,8
/m/016tbr,34,8
/m/07vnp4,34,8
/m/0693l,33,8
/m/02z7h0,30,8
/m/016nrn,30,8
/m/07v_x9,30,8
/m/041rhq,29,8
/m/0pxg5,29,8
/m/0bwh6,28,8
/m/0c9c0,28,8
/m/0kftt,28,8
/m/025n3p,28,8
/m/06qgvf,27,8
/m/03nrbx,27,8
/m/01r_ch,27,8
/m/02fb1n,26,8
/m/042ldz,26,8
/m/01vw8mh,26,8
/m/0ftbkt,24,8
/m/06g2d1,24,8
/m/072z_t,24,8
/m/078m0h,24,8
/m/04mqnp,23,8
/m/01m4yn,22,8
/m/01s7zw,21,8
/m/06x58,21,8
/m/0729vf,21,8
/m/015v3r,21,8
/m/0gz5hs,20,8
/m/042xrr,20,8
/m/05q_b,19,8
/m/081tlz,19,8
/m/0ck5pn,18,8
/m/01ggc9,18,8
/m/06l9n8,18,8
/m/03sww,18,8
/m/04bl43,17,8
/m/07gnh0,17,8
/m/0d_84,17,8
/m/0dm12l,16,8
/m/02624t,16,8
/m/045gzq,16,8
/m/01twmp,16,8
/m/036qs_,16,8
/m/025j1t,16,8
/m/01dzrt,16,8
/m/04pp9s,15,8
/m/016ksk,15,8
/m/01p8r8,15,8
/m/03j149k,15,8
/m/014g9y,15,8
/m/0d20ts,15,8
/m/01kgxf,14,8
/m/05qwyy,14,8
/m/04tnqn,14,8
/m/05ykqb,14,8
/m/01vvydl,13,8
/m/063g7l,13,8
/m/06zn34,13,8
/m/01mqc_,13,8
/m/0508xr,12,8
/m/0184gj,12,8
/m/03q4yl,12,8
/m/01cwcr,12,8
/m/02y_2y,12,8
/m/02j490,12,8
/m/02661h,11,8
/m/02xbw2,11,8
/m/0cyffg,11,8
/m/01hmb_,11,8
/m/0fdb14,11,8
/m/03wjxs,11,8
/m/03km_1,10,8
/m/07f469,10,8
/m/08tf3s,10,8
/m/01sl1q,10,8
/m/05zbm4,10,8
/m/0f734d,10,8
/m/03qn8bj,9,8
/m/03jqw5,9,8
/m/02bkdn,9,8
/m/07lxdt,9,8
/m/02flxw,9,8
/m/0418ft,9,8
/m/0fq90z,9,8
/m/052m4g,9,8
/m/02mjf2,9,8
/m/0flw6,9,8
/m/05mlqj,9,8
/m/0c861_,9,8
/m/04r0b,9,8
/m/026t8jg,9,8
/m/077ytv,9,8
/m/08s7qj,9,8
/m/04lxnb,9,8
/m/04jh1nx,9,8
/m/09qh60,9,8
/m/08cbqj,9,8
/m/02d6n_,9,8
/m/01vvyc_,9,8
/m/01713c,8,8
/m/0hqyy,8,8
/m/02ts3h,8,8
/m/01rzqj,8,8
/m/024tnp,8,8
/m/02q64y2,8,8
/m/01900g,8,8
/m/06lvlf,7,8
/m/07kl53,7,8
/m/062635,7,8
/m/07yd8vw,7,8
/m/077b2t,7,8
/m/0ft8_3,7,8
/m/01z0lb,7,8
/m/07470p,7,8
/m/0337vz,7,8
/m/027d2rs,7,8
/m/058kqy,7,8
/m/01c_zw,7,8
/m/04lrv3,7,8
/m/0dd_6z,7,8
/m/03fnyk,6,8
/m/05f4_70,6,8
/m/04gr35,6,8
/m/0btxhm,6,8
/m/01vvzb1,6,8
/m/03vfjv,6,8
/m/01zx8c,6,8
/m/01y9lq,6,8
/m/0b6mdc8,6,8
/m/0bf0b5,6,8
/m/0bdtm5k,6,8
/m/032qgs,6,8
/m/05q6gq,6,8
/m/0g8hhx,6,8
/m/05pqxk,6,8
/m/01xg_w,6,8
/m/02rt821,6,8
/m/0gh6sw,6,8
/m/0497jm,6,8
/m/05fmqq,6,8
/m/01kpb3f,6,8
/m/03mvkm,6,8
/m/035sxy,6,8
/m/01lbp,6,8
/m/07yt2n,5,8
/m/02xxsl,5,8
/m/04z2xc,5,8
/m/031zkw,5,8
/m/033xr_,4,8
/m/06lqy8,4,8
/m/01wjrn,4,8
/m/03rrhc,4,8
/m/032hrn,4,8
/m/06407lx,4,8
/m/036jnj,4,8
/m/034g2b,4,8
/m/08r449,4,8
/m/0d26p8,4,8
/m/07sjll,4,8
/m/03n_7k,4,8
/m/05sdxx,4,8
/m/0520frs,4,8
/m/089m1l,4,8
/m/07x51l,4,8
/m/02805gx,4,8
/m/084q8f,4,8
/m/013w4h,3,8
/m/025__x2,3,8
/m/026sv79,3,8
/m/06zw8j,3,8
/m/01knh9l,3,8
/m/01wbsdz,3,8
/m/0blbxk,3,8
/m/05p606,3,8
/m/026_g0,3,8
/m/06y9mn,3,8
/m/05w86g,3,8
/m/0cw38w,3,8
/m/02mylf,3,8
/m/06qv4y,3,8
/m/03tf3n,3,8
/m/0f7tct,3,8
/m/0163r3,3,8
/m/01mm7j9,3,8
/m/09lzbv,3,8
/m/05f1l7,3,8
/m/0fvy_7,3,8
/m/01vzx45,3,8
/m/0kry2z,3,8
/m/07tjsk,3,8
/m/08xxx9,3,8
/m/02z9n_w,3,8
/m/05wk2m,3,8
/m/02x1hg,3,8
/m/027ff6w,3,8
/m/01yf85,3,8
/m/05qfq_,3,8
/m/0gl68m,3,8
/m/05lv4d,3,8
/m/03bzwmr,3,8
/m/0jz4c_,3,8
/m/01tlpz,3,8
/m/0766nn,3,8
/m/06g4l,3,8
/m/045r__,3,8
/m/055tnj,3,8
/m/0341n5,3,8
/m/08yznh,3,8
/m/0kjrx,3,8
/m/03cqxxc,3,8
/m/08k7kb,3,8
/m/01sfmyk,3,8
/m/02pqbv,3,8
/m/0fbx6,3,8
/m/0ck1l0,3,8
/m/04n1hk,3,8
/m/059477,3,8
/m/016kb7,3,8
/m/08_3pz,3,8
/m/03xxbn,3,8
/m/06x4nd,3,8
/m/0gbxgbs,3,8
/m/05l5z1,3,8
/m/047g717,3,8
/m/08gdjw,3,8
/m/073wmn,3,8
/m/0cj0pq,3,8
/m/03dbds,3,8
/m/09prlm,3,8
/m/0k014,3,8
/m/0fm_hd,3,8
/m/0bq9r4t,3,8
/m/02p_9g2,3,8
/m/044mz_,3,8
/m/06ylgw,3,8
/m/071yph,3,8
/m/073vx6,3,8
/m/027mcf8,3,8
/m/09y4tx,3,8
/m/0fnthz,3,8
/m/027wgtd,3,8
/m/0bdtm5c,3,8
/m/067b98,3,8
/m/01nx885,3,8
/m/0523pz4,3,8
/m/01msrs,3,8
/m/06ltr,305,9
/m/09y20,300,9
/m/0l6px,299,9
/m/02h0wp,276,9
/m/014xzx,273,9
/m/013_vh,272,9
/m/0134w7,272,9
/m/065jlv,271,9
/m/01pg33,269,9
/m/02_y1w,265,9
/m/02d9xv,265,9
/m/015rkw,258,9
/m/03y_46,249,9
/m/071ymj,212,9
/m/05kwx2,209,9
/m/016nff,202,9
/m/071x_6,201,9
/m/071y4_,199,9
/m/070_q1,197,9
/m/03jj93,187,9
/m/0kszw,169,9
/m/02_k2f,166,9
/m/091h4c8,163,9
/m/025t9b,163,9
/m/091h4c1,163,9
/m/071y48,163,9
/m/0170qf,154,9
/m/05sq84,141,9
/m/071nq3,137,9
/m/01tspcn,134,9
/m/02d9yn,130,9
/m/071yw3,125,9
/m/0b7ct_,124,9
/m/01f6zc,113,9
/m/01nwwl,108,9
/m/0159h6,108,9
/m/016bpb,107,9
/m/071y2h,106,9
/m/015wnl,99,9
/m/053xw6,98,9
/m/07vvnx,91,9
/m/02p_mwb,84,9
/m/0jb0vs6,84,9
/m/06znw0s,84,9
/m/08187c,84,9
/m/043jq9j,84,9
/m/0hh1952,84,9
/m/04f0218,84,9
/m/0hh19xp,84,9
/m/0j5fx8q,84,9
/m/09g3g0j,69,9
/m/0708pc,66,9
/m/03dzj_,63,9
/m/04tvr_,59,9
/m/02cllz,54,9
/m/01tspc6,49,9
/m/0lpjn,46,9
/m/0h5g_,38,9
/m/0h32q,37,9
/m/0525b,35,9
/m/016gr2,31,9
/m/03f1zdw,28,9
/m/0171cm,28,9
/m/02f2dn,26,9
/m/0h0yt,25,9
/m/01pkhw,24,9
/m/0prjs,23,9
/m/013pk3,23,9
/m/071ynp,22,9
/m/01vh3r,22,9
/m/071ywj,21,9
/m/016z68,20,9
/m/01js_p,20,9
/m/03dpqd,19,9
/m/077596,19,9
/m/03m6pk,19,9
/m/04shbh,19,9
/m/08vm2q,18,9
/m/06nr75,18,9
/m/012x2b,18,9
/m/018p4y,18,9
/m/09gxf7,18,9
/m/092vqw,18,9
/m/097c18,18,9
/m/01r93l,17,9
/m/03hhd3,17,9
/m/01mqh5,16,9
/m/016xh5,16,9
/m/0dgskx,15,9
/m/03j5kf,15,9
/m/014rqr,14,9
/m/02yxwd,14,9
/m/0clvpg,14,9
/m/01k5r5,13,9
/m/0561_m,13,9
/m/03nwmp1,13,9
/m/03h2d4,13,9
/m/04twtn,12,9
/m/01sp81,12,9
/m/056891,12,9
/m/04gv3y,12,9
/m/0mbjh,11,9
/m/02qyb8q,11,9
/m/03pknm,11,9
/m/01tzm9,10,9
/m/01pk8v,10,9
/m/02tr7d,9,9
/m/09_cw9,9,9
/m/02p3j2,9,9
/m/0djywgn,9,9
/m/09jryt,9,9
/m/062gdd,9,9
/m/02fz3w,8,9
/m/05lbhb,8,9
/m/045c66,8,9
/m/06t74h,7,9
/m/05b4hl8,7,9
/m/01_rvj,7,9
/m/04lh9pn,7,9
/m/014x77,7,9
/m/087_8r,7,9
/m/01j5sd,6,9
/m/0d9kbf,6,9
/m/020_95,6,9
/m/08w7vj,6,9
/m/09lj6sd,6,9
/m/02tk74,6,9
/m/02rbf04,6,9
/m/0686zv,6,9
/m/05xf75,6,9
/m/06t61y,6,9
/m/06cptf,6,9
/m/02r8gg9,6,9
/m/0b8qq0,6,9
/m/02l4rh,6,9
/m/01xq8f,5,9
/m/09bt1_,5,9
/m/02v5v8,4,9
/m/016khd,4,9
/m/015dqj,4,9
/m/05mk08,4,9
/m/02fqwb,4,9
/m/04r6xf,4,9
/m/04jdq71,4,9
/m/03tl1k,4,9
/m/09ghbq,4,9
/m/074rpz,4,9
/m/072dh7,4,9
/m/03wbg3r,3,9
/m/0bx63x4,3,9
/m/03cg8gx,3,9
/m/09f1wn,3,9
/m/02d45s,3,9
/m/025dmd6,3,9
/m/0dvld,3,9
/m/050x7_,3,9
/m/05m7zg,3,9
/m/06mnbn,3,9
/m/0k57lx,3,9
/m/059_gf,3,9
/m/01lfz2h,3,9
/m/05qm5s,3,9
/m/04y44g,3,9
/m/0fwxm,3,9
/m/0ckrdp,3,9
/m/06z_w1,3,9
/m/02tt1k,3,9
/m/03f4w4,3,9
/m/08h9mj,3,9
/m/02t_st,3,9
/m/01j_bh,3,9
/m/02vlf31,3,9
/m/03k8_c,3,9
/m/06y7fb,3,9
/m/04y9dk,3,9
/m/02px6m,3,9
/m/01dhrv,3,9
/m/04cqm3_,3,9
/m/06mnps,3,9
/m/013qp3,3,9
/m/09x19f,3,9
/m/063b4k,3,9
/m/07vc_9,3,9
/m/02zq43,3,9
/m/016xk5,3,9
/m/01pd3f,3,9
/m/02zfdp,3,9
/m/0743kq,3,9
/m/02zb7y8,3,9
/m/04xp0k,3,9
/m/026w9_3,3,9
/m/017gxw,3,9
/m/05g0fh,3,9
/m/070507,3,9
/m/01fdc0,3,9
/m/05lpzr,3,9
/m/0gmrk4,3,9
/m/057rzb,3,9
/m/0cb7s6,3,9
/m/048svj,902,10
/m/02fbpz,826,10
/m/02hkv5,776,10
/m/02hkw6,598,10
/m/02hkvw,489,10
/m/09dv49,452,10
/m/0288crq,392,10
/m/05j12n,387,10
/m/075p0r,348,10
/m/0bwqq2,334,10
/m/02r99xw,328,10
/m/05gc0h,307,10
/m/0fy2s1,287,10
/m/04m_kpx,278,10
/m/026xrvd,267,10
/m/03gvb83,251,10
/m/02pp77c,246,10
/m/047twb3,239,10
/m/0f2c8g,232,10
/m/0g9d5d,219,10
/m/0d_7dt,216,10
/m/0cqcgj,214,10
/m/02qy3py,208,10
/m/0g6m_k,189,10
/m/09v4c6p,177,10
/m/06zljgt,165,10
/m/043pdp7,152,10
/m/041x3p,149,10
/m/04mz092,148,10
/m/027kf24,141,10
/m/0fy36n,140,10
/m/07l4md,139,10
/m/06zj_ms,136,10
/m/02885zc,136,10
/m/0cbnpp,135,10
/m/0gdhty,135,10
/m/0d_9jh,117,10
/m/02qfs7p,112,10
/m/08k_ts,111,10
/m/03c54v,109,10
/m/06zp8lh,109,10
/m/0g9dqx,107,10
/m/02mbjf,107,10
/m/0g8gg6,106,10
/m/051v__g,106,10
/m/0gvbc_,104,10
/m/0g0rp8,100,10
/m/0cnxgv3,98,10
/m/053xk1,97,10
/m/0cv7_0,97,10
/m/025y5tc,96,10
/m/0g2666,90,10
/m/02885dh,87,10
/m/03d4f8z,85,10
/m/0bh85l4,85,10
/m/0f_l16,81,10
/m/08_m50,80,10
/m/026xr4r,72,10
/m/03c_pqj,67,10
/m/03hhycl,64,10
/m/0cb1h4,63,10
/m/07l4hv,61,10
/m/05m_1nb,56,10
/m/05f7x67,55,10
/m/02qrfmd,54,10
/m/0drvhb,54,10
/m/02pk1p8,53,10
/m/02rrr2,52,10
/m/0g542xf,52,10
/m/0gcx8vh,49,10
/m/047f71z,48,10
/m/0gc4ppt,47,10
/m/027n__f,47,10
/m/0h2k1w,47,10
/m/03h2shl,46,10
/m/0gc8_0j,46,10
/m/0fzvv6,45,10
/m/05qtrd,43,10
/m/047b9pc,41,10
/m/03b_0nt,37,10
/m/0gc8679,37,10
/m/05myqkn,36,10
/m/02pnknk,35,10
/m/02r2xrt,34,10
/m/02qftvr,34,10
/m/027n_w_,32,10
/m/027qftc,32,10
/m/064nrky,30,10
/m/09ggh1v,28,10
/m/0br_twh,28,10
/m/08pcth,27,10
/m/04jkysx,25,10
/m/04n4yc3,24,10
/m/0gc63hz,24,10
/m/0jt5k0,24,10
/m/07s9kn4,24,10
/m/0dw23r,22,10
/m/0ch17w4,21,10
/m/05mwlq4,20,10
/m/02r5pn4,19,10
/m/0bgbwm1,19,10
/m/0gqshm,19,10
/m/09gnmmv,18,10
/m/04j9hzc,17,10
/m/0fttr7,17,10
/m/02vlwk6,16,10
/m/05f756d,16,10
/m/09g6nzh,16,10
/m/05sxwnm,15,10
/m/05h4ynt,15,10
/m/02plft,15,10
/m/09gdb1m,14,10
/m/03ckwtk,14,10
/m/0gc0g9n,14,10
/m/05t0fwn,14,10
/m/02w1tqn,14,10
/m/09gbztk,14,10
/m/03d59x9,14,10
/m/07s81xb,13,10
/m/03d14g8,13,10
/m/05vvl1,13,10
/m/04f5gfv,13,10
/m/0bmjp9r,13,10
/m/0bhb7fs,13,10
/m/08jn6t,12,10
/m/0dgn58t,11,10
/m/03d4j05,11,10
/m/0bmfqf8,11,10
/m/0bh9625,9,10
/m/02pxghj,9,10
/m/0gsr6_,9,10
/m/02r8psf,9,10
/m/0bcf4p,9,10
/m/0515p2,9,10
/m/0ddgv5x,8,10
/m/0g9yb3f,7,10
/m/0dcgc3,7,10
/m/0h54_3,7,10
/m/0gcbdlk,7,10
/m/0gxqr1,6,10
/m/051_wmd,6,10
/m/0cs_mcb,6,10
/m/0czf842,6,10
/m/09vr3_,6,10
/m/03d2czr,6,10
/m/02w00vv,5,10
/m/06zpdp6,5,10
/m/04n6dq5,4,10
/m/0k0hnz,4,10
/m/0cp09hg,4,10
/m/07t38w,3,10
/m/0k7mxc,3,10
/m/02r54_4,3,10
/m/052zxgr,3,10
/m/03d5tgk,3,10
/m/0dcvkv,3,10
/m/027r3yk,3,10
/m/03h0bdk,3,10
/m/04ljrg9,3,10
/m/09g9vpq,3,10
/m/05ms845,3,10
/m/07hdq5,3,10
/m/028bxp_,3,10
/m/0fph9sg,3,10
/m/0gky2mr,3,10
/m/0crh2wz,3,10
/m/0gby2tl,3,10
/m/0gc4z6g,3,10
/m/0g9h6y9,3,10
/m/0gb_wfk,3,10
/m/0gblz7l,3,10
/m/0464gl1,3,10
/m/0fqlpfh,3,10
/m/03q63p,258,11
/m/03jmmn,253,11
/m/042gr4,231,11
/m/0k_pr0,222,11
/m/01wrj68,220,11
/m/04f612,208,11
/m/0dt645q,178,11
/m/01kym3,175,11
/m/08zwfv,170,11
/m/03q64h,167,11
/m/0g35x3,153,11
/m/02v92l,151,11
/m/07jf6t,132,11
/m/0d3bzs,132,11
/m/040595,120,11
/m/039tg4,112,11
/m/07ybnb,111,11
/m/01v81qn,109,11
/m/039dpm,107,11
/m/0c_lq5,104,11
/m/03brvj,103,11
/m/04y982,94,11
/m/0ck6ln,93,11
/m/07y91g,90,11
/m/0789ts,84,11
/m/03gmcp,81,11
/m/03cz4j,81,11
/m/04lzq2,77,11
/m/0chh6w,74,11
/m/04f5z2,73,11
/m/04t4pq,73,11
/m/04_h75,73,11
/m/0c_m7f,73,11
/m/01vfjdy,72,11
/m/04jz_2,69,11
/m/01vs8ng,69,11
/m/01wzs_q,65,11
/m/05bp8g,64,11
/m/03_ny1,63,11
/m/04qy3c,63,11
/m/04mv_z,63,11
/m/01wfs__,61,11
/m/0b8pm3,57,11
/m/01qvtwm,57,11
/m/04028f,54,11
/m/0cklqz,53,11
/m/03cyxl,51,11
/m/075npt,50,11
/m/0dwpfc,49,11
/m/0dwpkj,49,11
/m/02rvmvb,49,11
/m/01qz69r,49,11
/m/0dwpqq,49,11
/m/02t1dv,48,11
/m/0411ql,48,11
/m/01mrp0m,47,11
/m/03bddh,46,11
/m/03rlgn,46,11
/m/03jmsw,41,11
/m/0ckm4x,41,11
/m/04b_4y,40,11
/m/04s7fc,40,11
/m/03b4vd,40,11
/m/03gmdt,39,11
/m/05ntcv,39,11
/m/09zw18,39,11
/m/042h0v,37,11
/m/026b1rp,37,11
/m/02qhzxb,36,11
/m/03h4j1,35,11
/m/08wh8b,33,11
/m/03b9sy,31,11
/m/0b7wjw,31,11
/m/04z4n0,30,11
/m/091n7z,30,11
/m/03b51t,29,11
/m/0dm4m5,29,11
/m/03brsc,28,11
/m/03_p26,27,11
/m/03cbvc,27,11
/m/04j5s3,27,11
/m/03b9f5,24,11
/m/0fps52,24,11
/m/04nr8z,24,11
/m/0gby8df,24,11
/m/040qk3,24,11
/m/02wz6bn,24,11
/m/0gps4j,24,11
/m/091w5p,23,11
/m/044fdt,23,11
/m/04qy4t,23,11
/m/0cb5dm,23,11
/m/03bkrc,22,11
/m/0clf6l,22,11
/m/0dyl81,21,11
/m/01qypfn,21,11
/m/0bjm05,21,11
/m/0fmg0n,20,11
/m/0cwf_x,19,11
/m/06v30q,19,11
/m/0d9_tq,19,11
/m/03cznz,19,11
/m/0g3630,18,11
/m/025_6k0,18,11
/m/0k1zr_,18,11
/m/0cfvwx,18,11
/m/0h1w4g,18,11
/m/01wvydk,18,11
/m/0h1tjt,18,11
/m/044xm5,17,11
/m/02vn2yr,15,11
/m/04bdp1,15,11
/m/0jyl6m,15,11
/m/03j3rmy,15,11
/m/03cz9_,15,11
/m/0392kz,14,11
/m/01tskh3,14,11
/m/04bf4w,14,11
/m/03dkz7,14,11
/m/03q66c,14,11
/m/0f71xw,12,11
/m/0k1bn0,12,11
/m/0k1bn6,12,11
/m/094zvg,12,11
/m/0k1bnf,12,11
/m/057tnv,12,11
/m/04b_2d,12,11
/m/0dfdmq,9,11
/m/03rlhs,9,11
/m/04f5__,9,11
/m/01tpzhj,9,11
/m/07dw25,9,11
/m/09r7n2,9,11
/m/01wgth3,9,11
/m/02pr540,7,11
/m/03bdg9,7,11
/m/03rl7s,6,11
/m/0ch_yn,6,11
/m/0jyrlt,6,11
/m/03gwxp,6,11
/m/0dgxzf,6,11
/m/03b4xx,4,11
/m/03bdbl,4,11
/m/06v8s0,4,11
/m/048cqm,4,11
/m/08glff,3,11
/m/03h4dt,3,11
/m/0gdq4f,3,11
/m/0cjmbz,3,11
/m/026h8y,3,11
/m/080kn0,3,11
/m/08p1gp,3,11
/m/03chnb,3,11
/m/02h8hr,3,11
/m/066l3y,3,11
/m/0d2x7w,3,11
/m/0814k3,3,11
/m/03cx2x,3,11
/m/04f4wrf,3,11
/m/01kwh5j,3,11
/m/01rmnp,3,11
/m/04bdlw,3,11
/m/0dccw0,3,11
/m/03bkqm,3,11
/m/056q2j,3,11
/m/05q_mg,3,11
/m/015gjr,118,12
/m/021t8p,71,12
/m/0cbkc,68,12
/m/0c9hm,54,12
/m/02qmdqm,44,12
/m/019wlg,37,12
/m/07m27d5,34,12
/m/07y_r,33,12
/m/064m7xk,32,12
/m/0c0qw,31,12
/m/06tr6y,31,12
/m/04427g,31,12
/m/056z6_,28,12
/m/07m27dw,28,12
/m/0144k5,27,12
/m/036_p5,27,12
/m/03f1gh6,26,12
/m/0cfrmn,26,12
/m/01qq_lp,25,12
/m/0fygvb,24,12
/m/0479kh,24,12
/m/01y5v5,24,12
/m/03cjgg_,23,12
/m/047m4k5,22,12
/m/01syr4,21,12
/m/0ckl38,20,12
/m/0cr2py,20,12
/m/07ghvl,19,12
/m/03d0ns,19,12
/m/07r9f6x,19,12
/m/01j5sv,18,12
/m/03xn8xg,18,12
/m/047r9kq,17,12
/m/036smf,17,12
/m/05q8d9m,17,12
/m/080h6jz,16,12
/m/05p40xh,16,12
/m/05nzlg,15,12
/m/04r89g,15,12
/m/07p54sm,15,12
/m/05fbmsc,15,12
/m/04dgp4,14,12
/m/08sz0k,14,12
/m/02z752k,14,12
/m/01sm0m,13,12
/m/026sp5z,13,12
/m/0cv0r5,13,12
/m/0d9mt_,12,12
/m/02pkvd3,12,12
/m/0fbh1y,12,12
/m/01qrlx,12,12
/m/0j976,11,12
/m/053qgk,11,12
/m/0bq4zr,11,12
/m/04gq20z,11,12
/m/056906,10,12
/m/0j_psr,10,12
/m/04z2qx,10,12
/m/0gsj2,10,12
/m/0kst4t,10,12
/m/0fykjb,10,12
/m/0j_tx0,10,12
/m/02qqhk5,9,12
/m/0bggsp9,9,12
/m/02x4nkz,9,12
/m/03h55_p,9,12
/m/02qjw8j,9,12
/m/05q9cbr,9,12
/m/0ctwtk,9,12
/m/09g1zb,9,12
/m/08068rx,9,12
/m/0fnt89,8,12
/m/0bntk18,8,12
/m/017r13,8,12
/m/07m27fk,8,12
/m/03c9_gs,7,12
/m/03h623,7,12
/m/014jxq,7,12
/m/037b56,7,12
/m/05fbd9p,7,12
/m/02qh9tw,7,12
/m/063k6z,7,12
/m/016ywr,6,12
/m/09g_k5,6,12
/m/0bk6hs,6,12
/m/05b_5n4,6,12
/m/04jmb7q,6,12
/m/014dy_,6,12
/m/0dfl_1,6,12
/m/016hvl,6,12
/m/02802dx,6,12
/m/02fr73,6,12
/m/0brhd,6,12
/m/0794vn,6,12
/m/02rjmx3,4,12
/m/01q8fxx,4,12
/m/043l4wc,4,12
/m/03d22m,4,12
/m/0148x0,4,12
/m/026yhzm,4,12
/m/027kz70,4,12
/m/09v2h98,4,12
/m/0bvb0kv,4,12
/m/02s9wl,4,12
/m/04lgxzh,3,12
/m/02rk6cg,3,12
/m/02qln90,3,12
/m/078gjr,3,12
/m/05p8t52,3,12
/m/04gk6hm,3,12
/m/03ccqcb,3,12
/m/02qkkyy,3,12
/m/05zynl0,3,12
/m/0cjjsx,3,12
/m/05pbxmf,3,12
/m/01w8_rc,3,12
/m/02nxzk,3,12
/m/096qhw,3,12
/m/04cr1x,3,12
/m/05p11z3,3,12
/m/0cbkw,3,12
/m/0bpjjqj,3,12
/m/0b9qh7,3,12
/m/05y4f_,3,12
/m/0fd_xs,3,12
/m/03qfg6n,3,12
/m/0bgk78g,3,12
/m/0dkcx2,3,12
/m/0bhgq4x,3,12
/m/0f6n2q,3,12
/m/04jbvyg,3,12
/m/07kjp0t,3,12
/m/0gc3yqm,3,12
/m/01s9f4,3,12
/m/05p27c2,3,12
/m/04gpr1r,3,12
/m/04tbk0,3,12
/m/07qbkb,3,12
/m/07pnlb,3,12
/m/09dkrz,3,12
/m/05p66l0,3,12
/m/09gcv3s,3,12
/m/0gc2n5d,3,12
/m/039nm5,3,12
/m/0282b9n,3,12
/m/04wycw,3,12
/m/0536dfr,3,12
/m/02q2y2l,3,12
/m/0994nv,3,12
/m/0641wm9,3,12
/m/09g8bny,3,12
/m/09kqsj,3,12
/m/0bpjjwf,3,12
/m/0bwb7yq,3,12
/m/01vwr9,3,12
/m/04n45zd,3,12
/m/02721k6,3,12
/m/04v_8d,3,12
/m/04jm_wd,3,12
/m/0bygf_,3,12
/m/0ck4_rb,3,12
/m/05r24b,3,12
/m/0lh0c,393,13
/m/03mv0b,353,13
/m/04bxrg,272,13
/m/027_zc,236,13
/m/0671gz,225,13
/m/04jzg4,224,13
/m/04jzj8,222,13
/m/04jzgw,188,13
/m/04jz9t,182,13
/m/04jzkr,182,13
/m/03jx0f,166,13
/m/04k3g0,152,13
/m/03d371d,151,13
/m/03cty3s,138,13
/m/065vf7,135,13
/m/08fmd5,129,13
/m/0260wtf,125,13
/m/01szb2,116,13
/m/02qt07_,101,13
/m/05q53cl,100,13
/m/04ky88,96,13
/m/0177s6,94,13
/m/02z8hjp,76,13
/m/04gmg5q,76,13
/m/043nc6j,74,13
/m/01zfs_,71,13
/m/07849h,71,13
/m/0d_fys,69,13
/m/012c6x,64,13
/m/04k4jh,57,13
/m/04g195q,57,13
/m/02zbl_g,55,13
/m/0ks87r,55,13
/m/04k4kn,54,13
/m/02z468q,53,13
/m/04cyyml,51,13
/m/065w18,51,13
/m/08m_rw,50,13
/m/0407qcd,48,13
/m/0jvm3gm,43,13
/m/04hnys,42,13
/m/06c39b,39,13
/m/04k3mr,39,13
/m/026knt1,38,13
/m/0417jy,38,13
/m/06m84y,38,13
/m/039bp,38,13
/m/0gcx8q2,38,13
/m/06rghp,37,13
/m/02mxw0,36,13
/m/0jrny,36,13
/m/04g1rt5,36,13
/m/05p9vrs,35,13
/m/04mlmx,34,13
/m/03cvdp6,34,13
/m/01_gs2,34,13
/m/04k3ns,32,13
/m/01gvx4,28,13
/m/08h0y7,28,13
/m/0kskc9,27,13
/m/03c_whk,27,13
/m/04qmmn,27,13
/m/01fkv0,27,13
/m/04k4ls,27,13
/m/063t2g,26,13
/m/0cly4p,25,13
/m/04k3md,24,13
/m/0g02kx,23,13
/m/03ng17,23,13
/m/02z8z1x,23,13
/m/02zbn25,23,13
/m/0k7g8y,21,13
/m/065nkc,21,13
/m/0ksn7p,21,13
/m/047bldh,20,13
/m/02z99f3,20,13
/m/04cwxy0,17,13
/m/03bz5b4,17,13
/m/026v4xp,15,13
/m/04k4mt,15,13
/m/0jvm3_f,15,13
/m/0ckblk,15,13
/m/05f7z7,15,13
/m/0crd4r,14,13
/m/02z9669,13,13
/m/02qt0k8,13,13
/m/0c01z_1,12,13
/m/045931,12,13
/m/0jvn730,12,13
/m/01qzdl,11,13
/m/02bf2f,10,13
/m/04f_83l,9,13
/m/0bj9ts,9,13
/m/0jxcjt,9,13
/m/02x7xk1,8,13
/m/02rpb4t,8,13
/m/0c42_t,8,13
/m/0jtl32,8,13
/m/0flqdz,8,13
/m/04gs7qr,8,13
/m/0gw7g2,7,13
/m/0jvj8pj,7,13
/m/0gz5tb,6,13
/m/06qkkc,6,13
/m/0fbyc1,6,13
/m/0ggb_mq,6,13
/m/0d_65z,6,13
/m/01zc_t,6,13
/m/0jvb84,6,13
/m/03cp6m0,6,13
/m/0jw6zby,6,13
/m/03grr5t,6,13
/m/0jvmx99,6,13
/m/028b0yt,6,13
/m/0k4jy3,6,13
/m/0jw6ppv,6,13
/m/02vyqys,4,13
/m/0gby8ml,4,13
/m/0jvh7_5,4,13
/m/02x7xwc,3,13
/m/02w5q6,3,13
/m/0gb_5lq,3,13
/m/06tpzm,3,13
/m/07n7zf,3,13
/m/02x92cm,3,13
/m/02x7ycj,3,13
/m/0c4s07,3,13
/m/01tj34,3,13
/m/093hv8,3,13
/m/07bpwm,3,13
/m/01gbrx,3,13
/m/0k7g8k,3,13
/m/0112yl,150,14
/m/01r0k9,146,14
/m/04byn,86,14
/m/04d_fbz,76,14
/m/0dqyh8,59,14
/m/027cz_s,55,14
/m/055cmk,47,14
/m/0jttj3,43,14
/m/03fw6q,41,14
/m/04_sj6,37,14
/m/0dq964,35,14
/m/05y2yw,35,14
/m/0dq9gt,35,14
/m/057p86,35,14
/m/05c53r_,33,14
/m/0dq9dr,30,14
/m/05047r,29,14
/m/0bsbyr,29,14
/m/0k1b5q,28,14
/m/0dq9zb,28,14
/m/0djtb3k,28,14
/m/025n7z,27,14
/m/03hh2mx,27,14
/m/0k2w0d,26,14
/m/0jyy9p,24,14
/m/04grl14,24,14
/m/02dv_q,23,14
/m/02y_p6l,23,14
/m/05bznqn,22,14
/m/03hgx1q,22,14
/m/04jg9xk,21,14
/m/0ckby1,21,14
/m/0gbxst5,20,14
/m/0k8859,20,14
/m/0k2vcl,19,14
/m/01vjk_q,19,14
/m/03c8p_t,19,14
/m/0415zgh,18,14
/m/0jx6b6,17,14
/m/05h5024,17,14
/m/05b_q_4,16,14
/m/051tlw,16,14
/m/0405m93,15,14
/m/0b_0brl,15,14
/m/064m9rj,15,14
/m/0jyf5z,14,14
/m/05c4t_p,14,14
/m/0dq9kp,14,14
/m/09v0yyp,14,14
/m/0jyyxs,14,14
/m/02dw38,13,14
/m/03_xlr,13,14
/m/0g59z78,13,14
/m/0k11bl,12,14
/m/0dqb0s,12,14
/m/0bbjwf,12,14
/m/0jt9bt,12,14
/m/065rtcs,11,14
/m/0jttjh,10,14
/m/0404nj4,10,14
/m/08byp_,9,14
/m/0jyvs9,9,14
/m/04x3j8,9,14
/m/0bfn0wy,9,14
/m/0k5f04,9,14
/m/0gbm8s4,9,14
/m/0d028n,9,14
/m/0dn5t_,8,14
/m/0k2vdb,7,14
/m/0k5q5l,7,14
/m/0j_hg3,7,14
/m/06m_77,7,14
/m/04_qxs,7,14
/m/0dq96h,7,14
/m/02674d6,7,14
/m/04gvdm1,7,14
/m/0jywxf,6,14
/m/0bs56dh,6,14
/m/0j_mhx,6,14
/m/0283ryz,6,14
/m/0gccsz3,6,14
/m/0gblvdk,6,14
/m/01s59y1,6,14
/m/0dq8lp,6,14
/m/0jymd_,6,14
/m/0dq9q_,6,14
/m/06jvgh,6,14
/m/0gch03k,6,14
/m/0k1l39,6,14
/m/026w6z_,6,14
/m/08h2py,6,14
/m/0gcj7yh,6,14
/m/0bvyd31,6,14
/m/0k5f0k,6,14
/m/05q7djw,6,14
/m/07cy7t,4,14
/m/02758c_,4,14
/m/05b3z4g,3,14
/m/0cdnv_,3,14
/m/0k2vd4,3,14
/m/0gcy3qr,3,14
/m/03nqcfj,3,14
/m/0c1nq1t,3,14
/m/05c27yk,3,14
/m/0bzz5h_,3,14
/m/0gg5pk,3,14
/m/0kt1j1,3,14
/m/0hnvyks,3,14
/m/05bzhww,3,14
/m/05t0jrf,3,14
/m/0c4ks8n,3,14
/m/0dqb2v,3,14
/m/07q9mw9,3,14
/m/055gm00,3,14
/m/0c7tjc,3,14
/m/05f3bsx,3,14
/m/05c1vmp,3,14
/m/05pngx,3,14
/m/0gcxdq3,3,14
/m/0gbxd5x,3,14
/m/0b6n99t,3,14
/m/0gbyb9t,3,14
/m/0jyr0x,3,14
/m/0j_g5t,3,14
/m/0bzygx2,3,14
/m/02nrdp,61,15
/m/03d4hz,56,15
/m/03lz67,56,15
/m/05xc43,56,15
/m/04174b,52,15
/m/046k2j,44,15
/m/0g28w1,42,15
/m/035wq7,40,15
/m/02ch1w,36,15
/m/02zyy4,33,15
/m/045c2m,33,15
/m/026flxv,25,15
/m/052hl,25,15
/m/01v42g,24,15
/m/02l3_5,23,15
/m/026qxz,23,15
/m/02p5hf,21,15
/m/01cs38,21,15
/m/0fgnhp,21,15
/m/03kxdw,21,15
/m/023nlj,20,15
/m/01xv77,19,15
/m/02210c_,18,15
/m/08jfkw,18,15
/m/0k2nl7,17,15
/m/041ly3,16,15
/m/03lmzl,16,15
/m/01lqnff,15,15
/m/027l0b,14,15
/m/02_pbr,13,15
/m/0c3jby,13,15
/m/05ggt_,13,15
/m/0421st,12,15
/m/06bggn,12,15
/m/02pyhc6,12,15
/m/06f0cl,11,15
/m/034hyc,10,15
/m/06v3fy,10,15
/m/09g94h,10,15
/m/015grj,10,15
/m/065j4h,9,15
/m/05ltkj,9,15
/m/0cz1ws,9,15
/m/05w1vf,9,15
/m/01csyt,8,15
/m/0803t7,7,15
/m/01hmk9,7,15
/m/0b_4z,7,15
/m/02psnsk,7,15
/m/04lh1qs,7,15
/m/02vp713,6,15
/m/02bpxg,6,15
/m/0krz32,6,15
/m/06r3_n,6,15
/m/01gvyp,6,15
/m/01gn36,6,15
/m/05xd_v,6,15
/m/01vxxb,6,15
/m/0clffnj,6,15
/m/02ldxr,6,15
/m/02vg0,6,15
/m/027lkc_,6,15
/m/0bh8bmr,6,15
/m/05xhz3,4,15
/m/09cwrk,4,15
/m/0djcq,4,15
/m/04yg2n,4,15
/m/04nzy1,4,15
/m/03yb6y,4,15
/m/0k4c8g,4,15
/m/027t4h,4,15
/m/062dsx,3,15
/m/02w66p,3,15
/m/01wbhj4,3,15
/m/0282hw2,3,15
/m/02gpbs,3,15
/m/03wht99,3,15
/m/025rwdv,3,15
/m/053k8c,3,15
/m/06nts3,3,15
/m/02x1wwm,3,15
/m/0mj4n,3,15
/m/034jts,3,15
/m/0g8vq0,3,15
/m/070j6d,3,15
/m/064p3dt,3,15
/m/0d1xhm,3,15
/m/0cj9hy6,3,15
/m/05yvb92,3,15
/m/054zm7,3,15
/m/02h4_r,3,15
/m/06vwkn,3,15
/m/074njz,3,15
/m/0346l4,3,15
/m/03d0gd8,3,15
/m/03_1pg,3,15
/m/08jp1f,3,15
/m/04bdqk,3,15
/m/0flnpq,3,15
/m/04q96dx,3,15
/m/096c31,3,15
/m/0bw4ml,3,15
/m/03b08m,3,15
/m/0fnn9m,3,15
/m/04kknz,3,15
/m/07b2lv,3,15
/m/01lc5,276,16
/m/01xcgv,115,16
/m/02s1j_,88,16
/m/09gz4t,88,16
/m/02w9807,79,16
/m/07__pr,71,16
/m/07mmg5,60,16
/m/0btj0,52,16
/m/07n78p,45,16
/m/0gb_22f,45,16
/m/02z69rx,44,16
/m/0gdk3w8,44,16
/m/065ng6,40,16
/m/027y1lh,40,16
/m/03mgnw1,39,16
/m/0k57l,38,16
/m/05b3h8,38,16
/m/036m7_,37,16
/m/07n3by,37,16
/m/02q870_,37,16
/m/02rdvqv,33,16
/m/06m83t,32,16
/m/0dszmy,31,16
/m/04gkw_3,31,16
/m/03d36rf,30,16
/m/01xwxz,29,16
/m/017__g,29,16
/m/06jrnj,29,16
/m/02x2c2l,29,16
/m/03np4py,26,16
/m/03cqdbg,26,16
/m/04rg6,26,16
/m/0bf2lk4,26,16
/m/02w8h5r,24,16
/m/0jxh6h,23,16
/m/03hj2g8,23,16
/m/0h38v56,21,16
/m/0jz3b6n,21,16
/m/01bk5v,20,16
/m/07y50t,19,16
/m/025rr7p,19,16
/m/02x2lhh,18,16
/m/099x_z,17,16
/m/02wzs4n,17,16
/m/04njyfy,16,16
/m/02z50s_,16,16
/m/0gbztzh,16,16
/m/0f7zyw,14,16
/m/0jv_6z,14,16
/m/0b8mhk,13,16
/m/03d8cc3,13,16
/m/0m1_vcf,13,16
/m/0gcd3dx,13,16
/m/08fb7_,13,16
/m/02z8y4,13,16
/m/05m76q,12,16
/m/03rfq9,12,16
/m/07t6tw,12,16
/m/0gb_90p,12,16
/m/0gdlbzg,12,16
/m/01x1x0,12,16
/m/027x8s_,11,16
/m/04dzvs0,9,16
/m/071nm_,9,16
/m/0jv_7j,9,16
/m/027bkbh,9,16
/m/0382zh,9,16
/m/04rs6x,9,16
/m/0b6hcc8,9,16
/m/07f5ms,9,16
/m/04_lr8,8,16
/m/0djjm5,7,16
/m/05h72nt,7,16
/m/0gbwn7r,7,16
/m/0ksm_r,7,16
/m/02r086s,7,16
/m/026pq1n,6,16
/m/09v37m,6,16
/m/02x2lqc,6,16
/m/03h27nv,6,16
/m/01htw6,6,16
/m/03cdhkz,5,16
/m/02q877j,4,16
/m/02pjj10,3,16
/m/02x2mcp,3,16
/m/0n5x4wg,3,16
/m/02z5ptl,3,16
/m/0gcxlk2,3,16
/m/03cdy55,3,16
/m/01v3d3,3,16
/m/0g9bjjf,3,16
/m/0g923y,3,16
/m/01b3x0,3,16
/m/03c8tq3,3,16
/m/0gbx4rd,3,16
/m/02z54_z,3,16
/m/0k328v,3,16
/m/0gbwgtj,3,16
/m/03cg84_,3,16
/m/03mfqk7,3,16
/m/04yfd7k,3,16
/m/05ddzx,3,16
/m/02cvp8,1208,17
/m/02t0n9,1205,17
/m/045g4l,653,17
/m/030dx5,469,17
/m/026xmsr,456,17
/m/02z023s,246,17
/m/09gx1x,218,17
/m/09p79l,216,17
/m/03gtwh9,184,17
/m/02x7d3n,159,17
/m/03gsgd9,138,17
/m/0f2fvd,135,17
/m/02z475f,126,17
/m/03hn9nv,124,17
/m/02zbgr_,103,17
/m/03gs60v,95,17
/m/02x2cys,93,17
/m/027d5k8,74,17
/m/04_fbm,67,17
/m/03mbtgw,63,17
/m/03cv7x1,58,17
/m/03mdp_b,57,17
/m/02qc62r,54,17
/m/03gxzbc,53,17
/m/03d8s54,53,17
/m/03m9h19,52,17
/m/03hnwl3,52,17
/m/06w65_d,47,17
/m/0270jrm,43,17
/m/0406cwn,41,17
/m/03gs9xz,40,17
/m/0qkj7,39,17
/m/023dvx,39,17
/m/0qkhb,39,17
/m/03ck_r2,38,17
/m/03hn40x,37,17
/m/03gyhsd,37,17
/m/03h1_3r,35,17
/m/03nvt3x,34,17
/m/03d8rj0,33,17
/m/049cqs,31,17
/m/03gsrkz,30,17
/m/02x2cdx,30,17
/m/04q1jgs,28,17
/m/026fz4v,28,17
/m/0409cvs,28,17
/m/03zrwh,27,17
/m/043pqwg,26,17
/m/03nrx7t,25,17
/m/03c710s,24,17
/m/0409bzf,24,17
/m/03cp94_,22,17
/m/0b6czn7,22,17
/m/043kq5p,22,17
/m/03nt7k1,22,17
/m/0jz74g,19,17
/m/03mdz0c,18,17
/m/06w2myz,17,17
/m/043jzb9,16,17
/m/03h1yrz,16,17
/m/03gxzsk,16,17
/m/043kpfm,15,17
/m/04g1_mc,15,17
/m/03cv7mg,15,17
/m/0465wgl,14,17
/m/0bhb0m1,14,17
/m/0409gt7,14,17
/m/042151k,13,17
/m/02z465x,12,17
/m/043krsy,12,17
/m/04y9rj5,12,17
/m/03cnt6g,9,17
/m/03sgdr,9,17
/m/02rlpqw,9,17
/m/02x6y5q,9,17
/m/06w1wtt,9,17
/m/04cqkfp,9,17
/m/03_4x1,9,17
/m/04214c8,6,17
/m/0dzfqq,6,17
/m/0d0g80,6,17
/m/0f0jw3,3,17
/m/0krz_9,302,18
/m/0kr_7z,286,18
/m/0ks01m,270,18
/m/0kr_01,241,18
/m/0krz_p,238,18
/m/0krxsd,148,18
/m/0kr_9g,94,18
/m/0kr_bl,84,18
/m/0ks551,81,18
/m/0ks7nw,77,18
/m/0ks81r,72,18
/m/0ks474,66,18
/m/0ks46d,64,18
/m/0ksb3w,52,18
/m/0ks3ht,50,18
/m/0ks80_,49,18
/m/0ksb6w,49,18
/m/026l5d2,48,18
/m/0kr_cb,44,18
/m/0ks35_,40,18
/m/0ks21t,39,18
/m/01sy5c,28,18
/m/0263wc3,26,18
/m/0ksdx8,22,18
/m/03nm9g0,20,18
/m/01hdht,19,18
/m/0c5n0x,18,18
/m/06zmzl,18,18
/m/081mlz,15,18
/m/0kt30f,14,18
/m/0krysx,14,18
/m/0ksvb8,14,18
/m/0kshkd,14,18
/m/01969m,13,18
/m/04rfq,13,18
/m/0ks0bc,12,18
/m/0ks097,12,18
/m/0ks07b,12,18
/m/0bzgb4,11,18
/m/04cskj1,11,18
/m/0kryyg,10,18
/m/0jy5hn0,9,18
/m/0kr_75,9,18
/m/09gjbfh,9,18
/m/047lhqd,9,18
/m/0cws6m,9,18
/m/087p6r,9,18
/m/0ksz20,8,18
/m/03h15px,8,18
/m/0gtj9x,8,18
/m/0kspj3,8,18
/m/0lcpnkf,6,18
/m/027q38c,6,18
/m/0kr_29,6,18
/m/0krznr,5,18
/m/0kry_q,4,18
/m/0ctrh5,4,18
/m/0krz2b,4,18
/m/0196cp,4,18
/m/03h0p7x,4,18
/m/0krz16,4,18
/m/0ks6_b,4,18
/m/07y8h6,3,18
/m/0kn7rqk,3,18
/m/0kszfh,3,18
/m/04cv8y6,3,18
/m/03c061s,3,18
/m/043rxz1,3,18
/m/0j353c0,3,18
/m/04f042r,3,18
/m/0dxrjw,3,18
/m/027bh6s,3,18
/m/0ksvc0,3,18
/m/0krytp,3,18
/m/012c79,3,18
/m/018fyy,53,19
/m/05dfp0,48,19
/m/06gv55,42,19
/m/0gcx7lj,32,19
/m/0gbxd39,30,19
/m/04t431,29,19
/m/02shhg,28,19
/m/021qcq,27,19
/m/01lncjm,27,19
/m/02s6b7,26,19
/m/02xlvz,23,19
/m/047q4gn,23,19
/m/09tgm9l,23,19
/m/01qk9q,23,19
/m/040c_6,23,19
/m/05g8dl,23,19
/m/01wmcbg,22,19
/m/0h3p49t,22,19
/m/01ppx3y,21,19
/m/014xr2,21,19
/m/074vyf,21,19
/m/06hp78,19,19
/m/07rwk8,18,19
/m/04jswsf,18,19
/m/04t41_,18,19
/m/031bf1,17,19
/m/05p2qp8,16,19
/m/0gbwqlp,15,19
/m/01_x6v,14,19
/m/066l_h,13,19
/m/04bsgz,12,19
/m/0d0l91,12,19
/m/01_x6d,12,19
/m/0j8qn,11,19
/m/01l793,10,19
/m/02pyccy,10,19
/m/07bkcj,10,19
/m/024knm,10,19
/m/07ysxj,9,19
/m/04cfxp,9,19
/m/04jks_7,9,19
/m/0gc9_9q,9,19
/m/0jsbw_2,9,19
/m/0hb87,8,19
/m/05wxzz,7,19
/m/0gcxg_2,7,19
/m/09zsb8,7,19
/m/0j_l71,6,19
/m/0jzh71,6,19
/m/01vp7g,6,19
/m/04lfgxj,6,19
/m/064x83,6,19
/m/0g9h_jy,4,19
/m/02qjlqm,4,19
/m/0gbls7j,4,19
/m/0h7r047,4,19
/m/0307gs,3,19
/m/02yy_j,3,19
/m/058w0c,3,19
/m/0hck0r3,3,19
/m/073t54,3,19
/m/02r625x,3,19
/m/09rsk9m,3,19
/m/064jbf,3,19
/m/02vnjxh,3,19
/m/0k18wm,3,19
/m/0k525,89,20
/m/0c9jt9,70,20
/m/07khbj,55,20
/m/02rf50d,48,20
/m/0b76nbf,44,20
/m/04wwpd,42,20
/m/04r7p,36,20
/m/03zb2m,33,20
/m/082_k0,33,20
/m/0g9cbq7,24,20
/m/05zy9d8,24,20
/m/04cbpxj,24,20
/m/0g9cbr2,24,20
/m/04n13vl,24,20
/m/0g9cbqr,24,20
/m/01wc_xg,24,20
/m/02wxn_j,22,20
/m/0b762qh,22,20
/m/029xwn,21,20
/m/0fpb8j,21,20
/m/03s9b,20,20
/m/04gtr75,18,20
/m/02rknq,18,20
/m/09p2zj,17,20
/m/02ww5tj,17,20
/m/02rhrz4,17,20
/m/0c3_274,15,20
/m/02wwp9v,14,20
/m/02wwpk1,13,20
/m/02q26v1,13,20
/m/0k7pxt,13,20
/m/0j6m0qc,12,20
/m/02r0xc3,11,20
/m/0b15nn,9,20
/m/02wxqk0,9,20
/m/05zygxm,9,20
/m/051z5m3,9,20
/m/027qxnx,8,20
/m/063fdv,7,20
/m/0k4_by,6,20
/m/02pv733,6,20
/m/02wx60w,6,20
/m/08zlbg,6,20
/m/08x5c_,6,20
/m/097rfn,6,20
/m/02wwnvc,4,20
/m/01y64_,3,20
/m/02wx5q5,3,20
/m/0bxl6h9,3,20
/m/05qpbr,3,20
/m/0bx63ms,3,20
/m/027w2w9,3,20
/m/02wx5x1,3,20
/m/0fl9lb,3,20
/m/04bdlg,3,20
/m/0c3l2x,3,20
/m/027vkv1,3,20
